"year","month","Fleet","sex","partition","ageErr","LbinLo","LbinHi","nSamps","F0","F1","F2","F3","F4","F5","F6","F7","F8","F9","F10","F11","F12","F13","F14","F15","F16","F17","F18","F19","F20","F0.1","F1.1","F2.1","F3.1","F4.1","F5.1","F6.1","F7.1","F8.1","F9.1","F10.1","F11.1","F12.1","F13.1","F14.1","F15.1","F16.1","F17.1","F18.1","F19.1","F20.1"
2003,7,7,1,0,1,12,12,1,100,0,0,0,0,0,0,0,0,0,0,0,0,0,0,0,0,0,0,0,0,100,0,0,0,0,0,0,0,0,0,0,0,0,0,0,0,0,0,0,0,0
2003,7,7,1,0,1,14,14,2,100,0,0,0,0,0,0,0,0,0,0,0,0,0,0,0,0,0,0,0,0,100,0,0,0,0,0,0,0,0,0,0,0,0,0,0,0,0,0,0,0,0
2003,7,7,1,0,1,16,16,5,100,0,0,0,0,0,0,0,0,0,0,0,0,0,0,0,0,0,0,0,0,100,0,0,0,0,0,0,0,0,0,0,0,0,0,0,0,0,0,0,0,0
2003,7,7,1,0,1,18,18,9,100,0,0,0,0,0,0,0,0,0,0,0,0,0,0,0,0,0,0,0,0,100,0,0,0,0,0,0,0,0,0,0,0,0,0,0,0,0,0,0,0,0
2003,7,7,1,0,1,20,20,10,100,0,0,0,0,0,0,0,0,0,0,0,0,0,0,0,0,0,0,0,0,100,0,0,0,0,0,0,0,0,0,0,0,0,0,0,0,0,0,0,0,0
2003,7,7,1,0,1,22,22,14,85.7142857142857,14.2857142857143,0,0,0,0,0,0,0,0,0,0,0,0,0,0,0,0,0,0,0,85.7142857142857,14.2857142857143,0,0,0,0,0,0,0,0,0,0,0,0,0,0,0,0,0,0,0
2003,7,7,1,0,1,24,24,6,66.6666666666667,33.3333333333333,0,0,0,0,0,0,0,0,0,0,0,0,0,0,0,0,0,0,0,66.6666666666667,33.3333333333333,0,0,0,0,0,0,0,0,0,0,0,0,0,0,0,0,0,0,0
2003,7,7,1,0,1,26,26,7,28.5714285714286,71.4285714285714,0,0,0,0,0,0,0,0,0,0,0,0,0,0,0,0,0,0,0,28.5714285714286,71.4285714285714,0,0,0,0,0,0,0,0,0,0,0,0,0,0,0,0,0,0,0
2003,7,7,1,0,1,28,28,6,0,100,0,0,0,0,0,0,0,0,0,0,0,0,0,0,0,0,0,0,0,0,100,0,0,0,0,0,0,0,0,0,0,0,0,0,0,0,0,0,0,0
2003,7,7,1,0,1,30,30,7,0,100,0,0,0,0,0,0,0,0,0,0,0,0,0,0,0,0,0,0,0,0,100,0,0,0,0,0,0,0,0,0,0,0,0,0,0,0,0,0,0,0
2003,7,7,1,0,1,32,32,2,0,100,0,0,0,0,0,0,0,0,0,0,0,0,0,0,0,0,0,0,0,0,100,0,0,0,0,0,0,0,0,0,0,0,0,0,0,0,0,0,0,0
2003,7,7,1,0,1,34,34,2,0,100,0,0,0,0,0,0,0,0,0,0,0,0,0,0,0,0,0,0,0,0,100,0,0,0,0,0,0,0,0,0,0,0,0,0,0,0,0,0,0,0
2003,7,7,1,0,1,36,36,3,0,66.6666666666667,33.3333333333333,0,0,0,0,0,0,0,0,0,0,0,0,0,0,0,0,0,0,0,66.6666666666667,33.3333333333333,0,0,0,0,0,0,0,0,0,0,0,0,0,0,0,0,0,0
2003,7,7,1,0,1,40,40,3,0,33.3333333333333,66.6666666666667,0,0,0,0,0,0,0,0,0,0,0,0,0,0,0,0,0,0,0,33.3333333333333,66.6666666666667,0,0,0,0,0,0,0,0,0,0,0,0,0,0,0,0,0,0
2003,7,7,1,0,1,42,42,2,0,0,100,0,0,0,0,0,0,0,0,0,0,0,0,0,0,0,0,0,0,0,0,100,0,0,0,0,0,0,0,0,0,0,0,0,0,0,0,0,0,0
2003,7,7,1,0,1,44,44,7,0,0,85.7142857142857,14.2857142857143,0,0,0,0,0,0,0,0,0,0,0,0,0,0,0,0,0,0,0,85.7142857142857,14.2857142857143,0,0,0,0,0,0,0,0,0,0,0,0,0,0,0,0,0
2003,7,7,1,0,1,46,46,6,0,16.6666666666667,66.6666666666667,16.6666666666667,0,0,0,0,0,0,0,0,0,0,0,0,0,0,0,0,0,0,16.6666666666667,66.6666666666667,16.6666666666667,0,0,0,0,0,0,0,0,0,0,0,0,0,0,0,0,0
2003,7,7,1,0,1,48,48,4,0,25,25,50,0,0,0,0,0,0,0,0,0,0,0,0,0,0,0,0,0,0,25,25,50,0,0,0,0,0,0,0,0,0,0,0,0,0,0,0,0,0
2003,7,7,1,0,1,50,50,4,0,0,50,25,25,0,0,0,0,0,0,0,0,0,0,0,0,0,0,0,0,0,0,50,25,25,0,0,0,0,0,0,0,0,0,0,0,0,0,0,0,0
2003,7,7,1,0,1,52,52,4,0,0,100,0,0,0,0,0,0,0,0,0,0,0,0,0,0,0,0,0,0,0,0,100,0,0,0,0,0,0,0,0,0,0,0,0,0,0,0,0,0,0
2003,7,7,1,0,1,54,54,6,0,0,33.3333333333333,50,16.6666666666667,0,0,0,0,0,0,0,0,0,0,0,0,0,0,0,0,0,0,33.3333333333333,50,16.6666666666667,0,0,0,0,0,0,0,0,0,0,0,0,0,0,0,0
2003,7,7,1,0,1,56,56,4,0,0,0,75,25,0,0,0,0,0,0,0,0,0,0,0,0,0,0,0,0,0,0,0,75,25,0,0,0,0,0,0,0,0,0,0,0,0,0,0,0,0
2003,7,7,1,0,1,58,58,6,0,0,0,83.3333333333333,16.6666666666667,0,0,0,0,0,0,0,0,0,0,0,0,0,0,0,0,0,0,0,83.3333333333333,16.6666666666667,0,0,0,0,0,0,0,0,0,0,0,0,0,0,0,0
2003,7,7,1,0,1,60,60,10,0,0,0,40,60,0,0,0,0,0,0,0,0,0,0,0,0,0,0,0,0,0,0,0,40,60,0,0,0,0,0,0,0,0,0,0,0,0,0,0,0,0
2003,7,7,1,0,1,62,62,5,0,0,0,60,40,0,0,0,0,0,0,0,0,0,0,0,0,0,0,0,0,0,0,0,60,40,0,0,0,0,0,0,0,0,0,0,0,0,0,0,0,0
2003,7,7,1,0,1,64,64,4,0,0,0,75,25,0,0,0,0,0,0,0,0,0,0,0,0,0,0,0,0,0,0,0,75,25,0,0,0,0,0,0,0,0,0,0,0,0,0,0,0,0
2003,7,7,1,0,1,66,66,2,0,0,0,50,50,0,0,0,0,0,0,0,0,0,0,0,0,0,0,0,0,0,0,0,50,50,0,0,0,0,0,0,0,0,0,0,0,0,0,0,0,0
2003,7,7,1,0,1,68,68,3,0,0,0,33.3333333333333,33.3333333333333,33.3333333333333,0,0,0,0,0,0,0,0,0,0,0,0,0,0,0,0,0,0,33.3333333333333,33.3333333333333,33.3333333333333,0,0,0,0,0,0,0,0,0,0,0,0,0,0,0
2003,7,7,1,0,1,70,70,6,0,0,0,33.3333333333333,33.3333333333333,16.6666666666667,0,0,0,0,16.6666666666667,0,0,0,0,0,0,0,0,0,0,0,0,0,33.3333333333333,33.3333333333333,16.6666666666667,0,0,0,0,16.6666666666667,0,0,0,0,0,0,0,0,0,0
2003,7,7,1,0,1,72,72,2,0,0,0,0,50,0,0,0,0,50,0,0,0,0,0,0,0,0,0,0,0,0,0,0,0,50,0,0,0,0,50,0,0,0,0,0,0,0,0,0,0,0
2003,7,7,1,0,1,74,74,2,0,0,0,0,0,0,100,0,0,0,0,0,0,0,0,0,0,0,0,0,0,0,0,0,0,0,0,100,0,0,0,0,0,0,0,0,0,0,0,0,0,0
2003,7,7,1,0,1,76,76,4,0,0,0,0,25,0,75,0,0,0,0,0,0,0,0,0,0,0,0,0,0,0,0,0,0,25,0,75,0,0,0,0,0,0,0,0,0,0,0,0,0,0
2003,7,7,1,0,1,78,78,2,0,0,0,0,0,0,50,50,0,0,0,0,0,0,0,0,0,0,0,0,0,0,0,0,0,0,0,50,50,0,0,0,0,0,0,0,0,0,0,0,0,0
2003,7,7,1,0,1,80,80,2,0,0,0,0,0,0,50,50,0,0,0,0,0,0,0,0,0,0,0,0,0,0,0,0,0,0,0,50,50,0,0,0,0,0,0,0,0,0,0,0,0,0
2003,7,7,1,0,1,82,82,1,0,0,0,0,0,0,0,100,0,0,0,0,0,0,0,0,0,0,0,0,0,0,0,0,0,0,0,0,100,0,0,0,0,0,0,0,0,0,0,0,0,0
2003,7,7,1,0,1,84,84,2,0,0,0,0,0,0,0,0,50,50,0,0,0,0,0,0,0,0,0,0,0,0,0,0,0,0,0,0,0,50,50,0,0,0,0,0,0,0,0,0,0,0
2003,7,7,1,0,1,90,90,1,0,0,0,0,0,0,0,0,100,0,0,0,0,0,0,0,0,0,0,0,0,0,0,0,0,0,0,0,0,100,0,0,0,0,0,0,0,0,0,0,0,0
2004,7,7,1,0,1,14,14,2,100,0,0,0,0,0,0,0,0,0,0,0,0,0,0,0,0,0,0,0,0,100,0,0,0,0,0,0,0,0,0,0,0,0,0,0,0,0,0,0,0,0
2004,7,7,1,0,1,16,16,1,100,0,0,0,0,0,0,0,0,0,0,0,0,0,0,0,0,0,0,0,0,100,0,0,0,0,0,0,0,0,0,0,0,0,0,0,0,0,0,0,0,0
2004,7,7,1,0,1,18,18,2,100,0,0,0,0,0,0,0,0,0,0,0,0,0,0,0,0,0,0,0,0,100,0,0,0,0,0,0,0,0,0,0,0,0,0,0,0,0,0,0,0,0
2004,7,7,1,0,1,20,20,7,71.4285714285714,28.5714285714286,0,0,0,0,0,0,0,0,0,0,0,0,0,0,0,0,0,0,0,71.4285714285714,28.5714285714286,0,0,0,0,0,0,0,0,0,0,0,0,0,0,0,0,0,0,0
2004,7,7,1,0,1,22,22,2,0,50,50,0,0,0,0,0,0,0,0,0,0,0,0,0,0,0,0,0,0,0,50,50,0,0,0,0,0,0,0,0,0,0,0,0,0,0,0,0,0,0
2004,7,7,1,0,1,26,26,3,0,100,0,0,0,0,0,0,0,0,0,0,0,0,0,0,0,0,0,0,0,0,100,0,0,0,0,0,0,0,0,0,0,0,0,0,0,0,0,0,0,0
2004,7,7,1,0,1,28,28,10,10,80,10,0,0,0,0,0,0,0,0,0,0,0,0,0,0,0,0,0,0,10,80,10,0,0,0,0,0,0,0,0,0,0,0,0,0,0,0,0,0,0
2004,7,7,1,0,1,30,30,15,6.66666666666667,60,33.3333333333333,0,0,0,0,0,0,0,0,0,0,0,0,0,0,0,0,0,0,6.66666666666667,60,33.3333333333333,0,0,0,0,0,0,0,0,0,0,0,0,0,0,0,0,0,0
2004,7,7,1,0,1,32,32,20,0,40,60,0,0,0,0,0,0,0,0,0,0,0,0,0,0,0,0,0,0,0,40,60,0,0,0,0,0,0,0,0,0,0,0,0,0,0,0,0,0,0
2004,7,7,1,0,1,34,34,11,0,36.3636363636364,63.6363636363636,0,0,0,0,0,0,0,0,0,0,0,0,0,0,0,0,0,0,0,36.3636363636364,63.6363636363636,0,0,0,0,0,0,0,0,0,0,0,0,0,0,0,0,0,0
2004,7,7,1,0,1,36,36,15,0,46.6666666666667,53.3333333333333,0,0,0,0,0,0,0,0,0,0,0,0,0,0,0,0,0,0,0,46.6666666666667,53.3333333333333,0,0,0,0,0,0,0,0,0,0,0,0,0,0,0,0,0,0
2004,7,7,1,0,1,38,38,3,0,33.3333333333333,66.6666666666667,0,0,0,0,0,0,0,0,0,0,0,0,0,0,0,0,0,0,0,33.3333333333333,66.6666666666667,0,0,0,0,0,0,0,0,0,0,0,0,0,0,0,0,0,0
2004,7,7,1,0,1,40,40,4,0,25,50,25,0,0,0,0,0,0,0,0,0,0,0,0,0,0,0,0,0,0,25,50,25,0,0,0,0,0,0,0,0,0,0,0,0,0,0,0,0,0
2004,7,7,1,0,1,42,42,4,0,0,75,25,0,0,0,0,0,0,0,0,0,0,0,0,0,0,0,0,0,0,0,75,25,0,0,0,0,0,0,0,0,0,0,0,0,0,0,0,0,0
2004,7,7,1,0,1,44,44,4,0,0,50,50,0,0,0,0,0,0,0,0,0,0,0,0,0,0,0,0,0,0,0,50,50,0,0,0,0,0,0,0,0,0,0,0,0,0,0,0,0,0
2004,7,7,1,0,1,46,46,1,0,0,100,0,0,0,0,0,0,0,0,0,0,0,0,0,0,0,0,0,0,0,0,100,0,0,0,0,0,0,0,0,0,0,0,0,0,0,0,0,0,0
2004,7,7,1,0,1,48,48,3,0,0,66.6666666666667,33.3333333333333,0,0,0,0,0,0,0,0,0,0,0,0,0,0,0,0,0,0,0,66.6666666666667,33.3333333333333,0,0,0,0,0,0,0,0,0,0,0,0,0,0,0,0,0
2004,7,7,1,0,1,50,50,2,0,0,0,50,50,0,0,0,0,0,0,0,0,0,0,0,0,0,0,0,0,0,0,0,50,50,0,0,0,0,0,0,0,0,0,0,0,0,0,0,0,0
2004,7,7,1,0,1,52,52,6,0,0,33.3333333333333,16.6666666666667,50,0,0,0,0,0,0,0,0,0,0,0,0,0,0,0,0,0,0,33.3333333333333,16.6666666666667,50,0,0,0,0,0,0,0,0,0,0,0,0,0,0,0,0
2004,7,7,1,0,1,54,54,6,0,0,0,50,50,0,0,0,0,0,0,0,0,0,0,0,0,0,0,0,0,0,0,0,50,50,0,0,0,0,0,0,0,0,0,0,0,0,0,0,0,0
2004,7,7,1,0,1,56,56,11,0,0,0,45.4545454545455,36.3636363636364,9.09090909090909,9.09090909090909,0,0,0,0,0,0,0,0,0,0,0,0,0,0,0,0,0,45.4545454545455,36.3636363636364,9.09090909090909,9.09090909090909,0,0,0,0,0,0,0,0,0,0,0,0,0,0
2004,7,7,1,0,1,58,58,15,0,0,0,40,40,20,0,0,0,0,0,0,0,0,0,0,0,0,0,0,0,0,0,0,40,40,20,0,0,0,0,0,0,0,0,0,0,0,0,0,0,0
2004,7,7,1,0,1,60,60,12,0,0,0,16.6666666666667,50,16.6666666666667,0,8.33333333333333,0,0,8.33333333333333,0,0,0,0,0,0,0,0,0,0,0,0,0,16.6666666666667,50,16.6666666666667,0,8.33333333333333,0,0,8.33333333333333,0,0,0,0,0,0,0,0,0,0
2004,7,7,1,0,1,62,62,9,0,0,0,0,33.3333333333333,44.4444444444444,22.2222222222222,0,0,0,0,0,0,0,0,0,0,0,0,0,0,0,0,0,0,33.3333333333333,44.4444444444444,22.2222222222222,0,0,0,0,0,0,0,0,0,0,0,0,0,0
2004,7,7,1,0,1,64,64,13,0,0,0,0,7.69230769230769,61.5384615384615,23.0769230769231,7.69230769230769,0,0,0,0,0,0,0,0,0,0,0,0,0,0,0,0,0,7.69230769230769,61.5384615384615,23.0769230769231,7.69230769230769,0,0,0,0,0,0,0,0,0,0,0,0,0
2004,7,7,1,0,1,66,66,14,0,0,7.14285714285714,0,35.7142857142857,28.5714285714286,21.4285714285714,7.14285714285714,0,0,0,0,0,0,0,0,0,0,0,0,0,0,0,7.14285714285714,0,35.7142857142857,28.5714285714286,21.4285714285714,7.14285714285714,0,0,0,0,0,0,0,0,0,0,0,0,0
2004,7,7,1,0,1,68,68,10,0,0,0,0,10,40,40,10,0,0,0,0,0,0,0,0,0,0,0,0,0,0,0,0,0,10,40,40,10,0,0,0,0,0,0,0,0,0,0,0,0,0
2004,7,7,1,0,1,70,70,4,0,0,0,0,0,0,75,0,0,25,0,0,0,0,0,0,0,0,0,0,0,0,0,0,0,0,0,75,0,0,25,0,0,0,0,0,0,0,0,0,0,0
2004,7,7,1,0,1,72,72,1,0,0,0,0,0,0,100,0,0,0,0,0,0,0,0,0,0,0,0,0,0,0,0,0,0,0,0,100,0,0,0,0,0,0,0,0,0,0,0,0,0,0
2004,7,7,1,0,1,74,74,5,0,0,0,0,0,20,20,40,0,0,20,0,0,0,0,0,0,0,0,0,0,0,0,0,0,0,20,20,40,0,0,20,0,0,0,0,0,0,0,0,0,0
2004,7,7,1,0,1,76,76,1,0,0,0,0,0,100,0,0,0,0,0,0,0,0,0,0,0,0,0,0,0,0,0,0,0,0,100,0,0,0,0,0,0,0,0,0,0,0,0,0,0,0
2004,7,7,1,0,1,78,78,2,0,0,0,0,0,0,100,0,0,0,0,0,0,0,0,0,0,0,0,0,0,0,0,0,0,0,0,100,0,0,0,0,0,0,0,0,0,0,0,0,0,0
2004,7,7,1,0,1,80,80,3,0,0,0,0,0,0,0,0,33.3333333333333,33.3333333333333,33.3333333333333,0,0,0,0,0,0,0,0,0,0,0,0,0,0,0,0,0,0,33.3333333333333,33.3333333333333,33.3333333333333,0,0,0,0,0,0,0,0,0,0
2005,7,7,1,0,1,12,12,2,100,0,0,0,0,0,0,0,0,0,0,0,0,0,0,0,0,0,0,0,0,100,0,0,0,0,0,0,0,0,0,0,0,0,0,0,0,0,0,0,0,0
2005,7,7,1,0,1,14,14,2,100,0,0,0,0,0,0,0,0,0,0,0,0,0,0,0,0,0,0,0,0,100,0,0,0,0,0,0,0,0,0,0,0,0,0,0,0,0,0,0,0,0
2005,7,7,1,0,1,16,16,2,100,0,0,0,0,0,0,0,0,0,0,0,0,0,0,0,0,0,0,0,0,100,0,0,0,0,0,0,0,0,0,0,0,0,0,0,0,0,0,0,0,0
2005,7,7,1,0,1,18,18,5,100,0,0,0,0,0,0,0,0,0,0,0,0,0,0,0,0,0,0,0,0,100,0,0,0,0,0,0,0,0,0,0,0,0,0,0,0,0,0,0,0,0
2005,7,7,1,0,1,20,20,3,66.6666666666667,33.3333333333333,0,0,0,0,0,0,0,0,0,0,0,0,0,0,0,0,0,0,0,66.6666666666667,33.3333333333333,0,0,0,0,0,0,0,0,0,0,0,0,0,0,0,0,0,0,0
2005,7,7,1,0,1,22,22,3,66.6666666666667,33.3333333333333,0,0,0,0,0,0,0,0,0,0,0,0,0,0,0,0,0,0,0,66.6666666666667,33.3333333333333,0,0,0,0,0,0,0,0,0,0,0,0,0,0,0,0,0,0,0
2005,7,7,1,0,1,26,26,2,0,50,50,0,0,0,0,0,0,0,0,0,0,0,0,0,0,0,0,0,0,0,50,50,0,0,0,0,0,0,0,0,0,0,0,0,0,0,0,0,0,0
2005,7,7,1,0,1,28,28,1,0,100,0,0,0,0,0,0,0,0,0,0,0,0,0,0,0,0,0,0,0,0,100,0,0,0,0,0,0,0,0,0,0,0,0,0,0,0,0,0,0,0
2005,7,7,1,0,1,30,30,2,0,50,50,0,0,0,0,0,0,0,0,0,0,0,0,0,0,0,0,0,0,0,50,50,0,0,0,0,0,0,0,0,0,0,0,0,0,0,0,0,0,0
2005,7,7,1,0,1,32,32,3,0,33.3333333333333,66.6666666666667,0,0,0,0,0,0,0,0,0,0,0,0,0,0,0,0,0,0,0,33.3333333333333,66.6666666666667,0,0,0,0,0,0,0,0,0,0,0,0,0,0,0,0,0,0
2005,7,7,1,0,1,34,34,3,0,33.3333333333333,66.6666666666667,0,0,0,0,0,0,0,0,0,0,0,0,0,0,0,0,0,0,0,33.3333333333333,66.6666666666667,0,0,0,0,0,0,0,0,0,0,0,0,0,0,0,0,0,0
2005,7,7,1,0,1,36,36,1,0,0,100,0,0,0,0,0,0,0,0,0,0,0,0,0,0,0,0,0,0,0,0,100,0,0,0,0,0,0,0,0,0,0,0,0,0,0,0,0,0,0
2005,7,7,1,0,1,38,38,4,0,0,100,0,0,0,0,0,0,0,0,0,0,0,0,0,0,0,0,0,0,0,0,100,0,0,0,0,0,0,0,0,0,0,0,0,0,0,0,0,0,0
2005,7,7,1,0,1,40,40,4,0,0,50,25,25,0,0,0,0,0,0,0,0,0,0,0,0,0,0,0,0,0,0,50,25,25,0,0,0,0,0,0,0,0,0,0,0,0,0,0,0,0
2005,7,7,1,0,1,42,42,1,0,0,100,0,0,0,0,0,0,0,0,0,0,0,0,0,0,0,0,0,0,0,0,100,0,0,0,0,0,0,0,0,0,0,0,0,0,0,0,0,0,0
2005,7,7,1,0,1,44,44,3,0,0,33.3333333333333,66.6666666666667,0,0,0,0,0,0,0,0,0,0,0,0,0,0,0,0,0,0,0,33.3333333333333,66.6666666666667,0,0,0,0,0,0,0,0,0,0,0,0,0,0,0,0,0
2005,7,7,1,0,1,46,46,5,0,20,60,20,0,0,0,0,0,0,0,0,0,0,0,0,0,0,0,0,0,0,20,60,20,0,0,0,0,0,0,0,0,0,0,0,0,0,0,0,0,0
2005,7,7,1,0,1,48,48,2,0,0,0,100,0,0,0,0,0,0,0,0,0,0,0,0,0,0,0,0,0,0,0,0,100,0,0,0,0,0,0,0,0,0,0,0,0,0,0,0,0,0
2005,7,7,1,0,1,50,50,1,0,0,0,100,0,0,0,0,0,0,0,0,0,0,0,0,0,0,0,0,0,0,0,0,100,0,0,0,0,0,0,0,0,0,0,0,0,0,0,0,0,0
2005,7,7,1,0,1,52,52,2,0,0,0,0,100,0,0,0,0,0,0,0,0,0,0,0,0,0,0,0,0,0,0,0,0,100,0,0,0,0,0,0,0,0,0,0,0,0,0,0,0,0
2005,7,7,1,0,1,54,54,5,0,0,0,20,40,40,0,0,0,0,0,0,0,0,0,0,0,0,0,0,0,0,0,0,20,40,40,0,0,0,0,0,0,0,0,0,0,0,0,0,0,0
2005,7,7,1,0,1,56,56,4,0,0,0,50,50,0,0,0,0,0,0,0,0,0,0,0,0,0,0,0,0,0,0,0,50,50,0,0,0,0,0,0,0,0,0,0,0,0,0,0,0,0
2005,7,7,1,0,1,58,58,5,0,0,0,20,60,20,0,0,0,0,0,0,0,0,0,0,0,0,0,0,0,0,0,0,20,60,20,0,0,0,0,0,0,0,0,0,0,0,0,0,0,0
2005,7,7,1,0,1,60,60,6,0,0,0,33.3333333333333,16.6666666666667,50,0,0,0,0,0,0,0,0,0,0,0,0,0,0,0,0,0,0,33.3333333333333,16.6666666666667,50,0,0,0,0,0,0,0,0,0,0,0,0,0,0,0
2005,7,7,1,0,1,62,62,8,0,0,0,25,50,12.5,12.5,0,0,0,0,0,0,0,0,0,0,0,0,0,0,0,0,0,25,50,12.5,12.5,0,0,0,0,0,0,0,0,0,0,0,0,0,0
2005,7,7,1,0,1,64,64,11,0,0,0,9.09090909090909,54.5454545454545,36.3636363636364,0,0,0,0,0,0,0,0,0,0,0,0,0,0,0,0,0,0,9.09090909090909,54.5454545454545,36.3636363636364,0,0,0,0,0,0,0,0,0,0,0,0,0,0,0
2005,7,7,1,0,1,66,66,14,0,0,0,0,28.5714285714286,35.7142857142857,35.7142857142857,0,0,0,0,0,0,0,0,0,0,0,0,0,0,0,0,0,0,28.5714285714286,35.7142857142857,35.7142857142857,0,0,0,0,0,0,0,0,0,0,0,0,0,0
2005,7,7,1,0,1,68,68,13,0,0,0,0,38.4615384615385,46.1538461538462,15.3846153846154,0,0,0,0,0,0,0,0,0,0,0,0,0,0,0,0,0,0,38.4615384615385,46.1538461538462,15.3846153846154,0,0,0,0,0,0,0,0,0,0,0,0,0,0
2005,7,7,1,0,1,70,70,10,0,0,0,0,30,50,20,0,0,0,0,0,0,0,0,0,0,0,0,0,0,0,0,0,0,30,50,20,0,0,0,0,0,0,0,0,0,0,0,0,0,0
2005,7,7,1,0,1,72,72,5,0,0,0,0,0,80,20,0,0,0,0,0,0,0,0,0,0,0,0,0,0,0,0,0,0,0,80,20,0,0,0,0,0,0,0,0,0,0,0,0,0,0
2005,7,7,1,0,1,74,74,8,0,0,0,0,0,75,12.5,12.5,0,0,0,0,0,0,0,0,0,0,0,0,0,0,0,0,0,0,75,12.5,12.5,0,0,0,0,0,0,0,0,0,0,0,0,0
2005,7,7,1,0,1,76,76,6,0,0,0,0,16.6666666666667,50,33.3333333333333,0,0,0,0,0,0,0,0,0,0,0,0,0,0,0,0,0,0,16.6666666666667,50,33.3333333333333,0,0,0,0,0,0,0,0,0,0,0,0,0,0
2005,7,7,1,0,1,78,78,5,0,0,0,0,0,20,40,40,0,0,0,0,0,0,0,0,0,0,0,0,0,0,0,0,0,0,20,40,40,0,0,0,0,0,0,0,0,0,0,0,0,0
2005,7,7,1,0,1,80,80,1,0,0,0,0,0,0,0,100,0,0,0,0,0,0,0,0,0,0,0,0,0,0,0,0,0,0,0,0,100,0,0,0,0,0,0,0,0,0,0,0,0,0
2005,7,7,1,0,1,82,82,2,0,0,0,0,0,100,0,0,0,0,0,0,0,0,0,0,0,0,0,0,0,0,0,0,0,0,100,0,0,0,0,0,0,0,0,0,0,0,0,0,0,0
2005,7,7,1,0,1,84,84,1,0,0,0,0,0,0,0,100,0,0,0,0,0,0,0,0,0,0,0,0,0,0,0,0,0,0,0,0,100,0,0,0,0,0,0,0,0,0,0,0,0,0
2005,7,7,1,0,1,86,86,1,0,0,0,0,0,100,0,0,0,0,0,0,0,0,0,0,0,0,0,0,0,0,0,0,0,0,100,0,0,0,0,0,0,0,0,0,0,0,0,0,0,0
2005,7,7,1,0,1,88,88,1,0,0,0,0,0,0,100,0,0,0,0,0,0,0,0,0,0,0,0,0,0,0,0,0,0,0,0,100,0,0,0,0,0,0,0,0,0,0,0,0,0,0
2006,7,7,1,0,1,20,20,1,0,100,0,0,0,0,0,0,0,0,0,0,0,0,0,0,0,0,0,0,0,0,100,0,0,0,0,0,0,0,0,0,0,0,0,0,0,0,0,0,0,0
2006,7,7,1,0,1,24,24,2,50,50,0,0,0,0,0,0,0,0,0,0,0,0,0,0,0,0,0,0,0,50,50,0,0,0,0,0,0,0,0,0,0,0,0,0,0,0,0,0,0,0
2006,7,7,1,0,1,26,26,1,0,100,0,0,0,0,0,0,0,0,0,0,0,0,0,0,0,0,0,0,0,0,100,0,0,0,0,0,0,0,0,0,0,0,0,0,0,0,0,0,0,0
2006,7,7,1,0,1,30,30,6,0,83.3333333333333,16.6666666666667,0,0,0,0,0,0,0,0,0,0,0,0,0,0,0,0,0,0,0,83.3333333333333,16.6666666666667,0,0,0,0,0,0,0,0,0,0,0,0,0,0,0,0,0,0
2006,7,7,1,0,1,32,32,4,0,50,50,0,0,0,0,0,0,0,0,0,0,0,0,0,0,0,0,0,0,0,50,50,0,0,0,0,0,0,0,0,0,0,0,0,0,0,0,0,0,0
2006,7,7,1,0,1,34,34,3,0,33.3333333333333,66.6666666666667,0,0,0,0,0,0,0,0,0,0,0,0,0,0,0,0,0,0,0,33.3333333333333,66.6666666666667,0,0,0,0,0,0,0,0,0,0,0,0,0,0,0,0,0,0
2006,7,7,1,0,1,36,36,1,0,100,0,0,0,0,0,0,0,0,0,0,0,0,0,0,0,0,0,0,0,0,100,0,0,0,0,0,0,0,0,0,0,0,0,0,0,0,0,0,0,0
2006,7,7,1,0,1,38,38,1,0,100,0,0,0,0,0,0,0,0,0,0,0,0,0,0,0,0,0,0,0,0,100,0,0,0,0,0,0,0,0,0,0,0,0,0,0,0,0,0,0,0
2006,7,7,1,0,1,44,44,3,0,0,66.6666666666667,33.3333333333333,0,0,0,0,0,0,0,0,0,0,0,0,0,0,0,0,0,0,0,66.6666666666667,33.3333333333333,0,0,0,0,0,0,0,0,0,0,0,0,0,0,0,0,0
2006,7,7,1,0,1,46,46,1,0,0,100,0,0,0,0,0,0,0,0,0,0,0,0,0,0,0,0,0,0,0,0,100,0,0,0,0,0,0,0,0,0,0,0,0,0,0,0,0,0,0
2006,7,7,1,0,1,48,48,2,0,0,50,50,0,0,0,0,0,0,0,0,0,0,0,0,0,0,0,0,0,0,0,50,50,0,0,0,0,0,0,0,0,0,0,0,0,0,0,0,0,0
2006,7,7,1,0,1,50,50,4,0,0,50,50,0,0,0,0,0,0,0,0,0,0,0,0,0,0,0,0,0,0,0,50,50,0,0,0,0,0,0,0,0,0,0,0,0,0,0,0,0,0
2006,7,7,1,0,1,52,52,2,0,0,50,50,0,0,0,0,0,0,0,0,0,0,0,0,0,0,0,0,0,0,0,50,50,0,0,0,0,0,0,0,0,0,0,0,0,0,0,0,0,0
2006,7,7,1,0,1,54,54,5,0,0,0,80,20,0,0,0,0,0,0,0,0,0,0,0,0,0,0,0,0,0,0,0,80,20,0,0,0,0,0,0,0,0,0,0,0,0,0,0,0,0
2006,7,7,1,0,1,56,56,4,0,0,25,25,50,0,0,0,0,0,0,0,0,0,0,0,0,0,0,0,0,0,0,25,25,50,0,0,0,0,0,0,0,0,0,0,0,0,0,0,0,0
2006,7,7,1,0,1,58,58,4,0,0,0,100,0,0,0,0,0,0,0,0,0,0,0,0,0,0,0,0,0,0,0,0,100,0,0,0,0,0,0,0,0,0,0,0,0,0,0,0,0,0
2006,7,7,1,0,1,60,60,1,0,0,0,100,0,0,0,0,0,0,0,0,0,0,0,0,0,0,0,0,0,0,0,0,100,0,0,0,0,0,0,0,0,0,0,0,0,0,0,0,0,0
2006,7,7,1,0,1,62,62,4,0,0,0,0,25,75,0,0,0,0,0,0,0,0,0,0,0,0,0,0,0,0,0,0,0,25,75,0,0,0,0,0,0,0,0,0,0,0,0,0,0,0
2006,7,7,1,0,1,64,64,6,0,0,0,16.6666666666667,16.6666666666667,50,16.6666666666667,0,0,0,0,0,0,0,0,0,0,0,0,0,0,0,0,0,16.6666666666667,16.6666666666667,50,16.6666666666667,0,0,0,0,0,0,0,0,0,0,0,0,0,0
2006,7,7,1,0,1,66,66,4,0,0,0,0,50,50,0,0,0,0,0,0,0,0,0,0,0,0,0,0,0,0,0,0,0,50,50,0,0,0,0,0,0,0,0,0,0,0,0,0,0,0
2006,7,7,1,0,1,68,68,10,0,0,0,10,60,20,10,0,0,0,0,0,0,0,0,0,0,0,0,0,0,0,0,0,10,60,20,10,0,0,0,0,0,0,0,0,0,0,0,0,0,0
2006,7,7,1,0,1,70,70,5,0,0,0,0,40,40,20,0,0,0,0,0,0,0,0,0,0,0,0,0,0,0,0,0,0,40,40,20,0,0,0,0,0,0,0,0,0,0,0,0,0,0
2006,7,7,1,0,1,72,72,10,0,0,0,0,30,30,30,10,0,0,0,0,0,0,0,0,0,0,0,0,0,0,0,0,0,30,30,30,10,0,0,0,0,0,0,0,0,0,0,0,0,0
2006,7,7,1,0,1,74,74,8,0,0,0,0,50,25,12.5,12.5,0,0,0,0,0,0,0,0,0,0,0,0,0,0,0,0,0,50,25,12.5,12.5,0,0,0,0,0,0,0,0,0,0,0,0,0
2006,7,7,1,0,1,76,76,5,0,0,0,0,0,0,80,20,0,0,0,0,0,0,0,0,0,0,0,0,0,0,0,0,0,0,0,80,20,0,0,0,0,0,0,0,0,0,0,0,0,0
2006,7,7,1,0,1,78,78,4,0,0,0,0,0,50,50,0,0,0,0,0,0,0,0,0,0,0,0,0,0,0,0,0,0,0,50,50,0,0,0,0,0,0,0,0,0,0,0,0,0,0
2006,7,7,1,0,1,80,80,7,0,0,0,0,28.5714285714286,57.1428571428571,0,14.2857142857143,0,0,0,0,0,0,0,0,0,0,0,0,0,0,0,0,0,28.5714285714286,57.1428571428571,0,14.2857142857143,0,0,0,0,0,0,0,0,0,0,0,0,0
2006,7,7,1,0,1,82,82,5,0,0,0,0,0,20,20,40,20,0,0,0,0,0,0,0,0,0,0,0,0,0,0,0,0,0,20,20,40,20,0,0,0,0,0,0,0,0,0,0,0,0
2006,7,7,1,0,1,84,84,2,0,0,0,0,0,0,50,50,0,0,0,0,0,0,0,0,0,0,0,0,0,0,0,0,0,0,0,50,50,0,0,0,0,0,0,0,0,0,0,0,0,0
2006,7,7,1,0,1,88,88,1,0,0,0,0,0,0,100,0,0,0,0,0,0,0,0,0,0,0,0,0,0,0,0,0,0,0,0,100,0,0,0,0,0,0,0,0,0,0,0,0,0,0
2006,7,7,1,0,1,90,90,2,0,0,0,0,0,0,0,0,50,0,0,0,50,0,0,0,0,0,0,0,0,0,0,0,0,0,0,0,0,50,0,0,0,50,0,0,0,0,0,0,0,0
2006,7,7,1,0,1,92,92,1,0,0,0,0,0,0,0,0,100,0,0,0,0,0,0,0,0,0,0,0,0,0,0,0,0,0,0,0,0,100,0,0,0,0,0,0,0,0,0,0,0,0
2006,7,7,1,0,1,94,94,1,0,0,0,0,0,0,0,0,100,0,0,0,0,0,0,0,0,0,0,0,0,0,0,0,0,0,0,0,0,100,0,0,0,0,0,0,0,0,0,0,0,0
2006,7,7,1,0,1,98,98,1,0,0,0,0,0,0,100,0,0,0,0,0,0,0,0,0,0,0,0,0,0,0,0,0,0,0,0,100,0,0,0,0,0,0,0,0,0,0,0,0,0,0
2007,7,7,1,0,1,28,28,2,0,50,50,0,0,0,0,0,0,0,0,0,0,0,0,0,0,0,0,0,0,0,50,50,0,0,0,0,0,0,0,0,0,0,0,0,0,0,0,0,0,0
2007,7,7,1,0,1,30,30,1,0,0,100,0,0,0,0,0,0,0,0,0,0,0,0,0,0,0,0,0,0,0,0,100,0,0,0,0,0,0,0,0,0,0,0,0,0,0,0,0,0,0
2007,7,7,1,0,1,32,32,1,0,0,100,0,0,0,0,0,0,0,0,0,0,0,0,0,0,0,0,0,0,0,0,100,0,0,0,0,0,0,0,0,0,0,0,0,0,0,0,0,0,0
2007,7,7,1,0,1,42,42,1,0,0,100,0,0,0,0,0,0,0,0,0,0,0,0,0,0,0,0,0,0,0,0,100,0,0,0,0,0,0,0,0,0,0,0,0,0,0,0,0,0,0
2007,7,7,1,0,1,44,44,3,0,0,33.3333333333333,66.6666666666667,0,0,0,0,0,0,0,0,0,0,0,0,0,0,0,0,0,0,0,33.3333333333333,66.6666666666667,0,0,0,0,0,0,0,0,0,0,0,0,0,0,0,0,0
2007,7,7,1,0,1,46,46,1,0,0,100,0,0,0,0,0,0,0,0,0,0,0,0,0,0,0,0,0,0,0,0,100,0,0,0,0,0,0,0,0,0,0,0,0,0,0,0,0,0,0
2007,7,7,1,0,1,48,48,1,0,0,100,0,0,0,0,0,0,0,0,0,0,0,0,0,0,0,0,0,0,0,0,100,0,0,0,0,0,0,0,0,0,0,0,0,0,0,0,0,0,0
2007,7,7,1,0,1,50,50,3,0,0,0,100,0,0,0,0,0,0,0,0,0,0,0,0,0,0,0,0,0,0,0,0,100,0,0,0,0,0,0,0,0,0,0,0,0,0,0,0,0,0
2007,7,7,1,0,1,52,52,2,0,0,0,100,0,0,0,0,0,0,0,0,0,0,0,0,0,0,0,0,0,0,0,0,100,0,0,0,0,0,0,0,0,0,0,0,0,0,0,0,0,0
2007,7,7,1,0,1,56,56,4,0,0,0,50,0,50,0,0,0,0,0,0,0,0,0,0,0,0,0,0,0,0,0,0,50,0,50,0,0,0,0,0,0,0,0,0,0,0,0,0,0,0
2007,7,7,1,0,1,58,58,3,0,0,0,33.3333333333333,66.6666666666667,0,0,0,0,0,0,0,0,0,0,0,0,0,0,0,0,0,0,0,33.3333333333333,66.6666666666667,0,0,0,0,0,0,0,0,0,0,0,0,0,0,0,0
2007,7,7,1,0,1,60,60,2,0,0,0,0,50,0,50,0,0,0,0,0,0,0,0,0,0,0,0,0,0,0,0,0,0,50,0,50,0,0,0,0,0,0,0,0,0,0,0,0,0,0
2007,7,7,1,0,1,62,62,4,0,0,0,0,75,25,0,0,0,0,0,0,0,0,0,0,0,0,0,0,0,0,0,0,0,75,25,0,0,0,0,0,0,0,0,0,0,0,0,0,0,0
2007,7,7,1,0,1,64,64,2,0,0,0,0,0,100,0,0,0,0,0,0,0,0,0,0,0,0,0,0,0,0,0,0,0,0,100,0,0,0,0,0,0,0,0,0,0,0,0,0,0,0
2007,7,7,1,0,1,66,66,3,0,0,0,0,100,0,0,0,0,0,0,0,0,0,0,0,0,0,0,0,0,0,0,0,0,100,0,0,0,0,0,0,0,0,0,0,0,0,0,0,0,0
2007,7,7,1,0,1,70,70,1,0,0,0,0,100,0,0,0,0,0,0,0,0,0,0,0,0,0,0,0,0,0,0,0,0,100,0,0,0,0,0,0,0,0,0,0,0,0,0,0,0,0
2007,7,7,1,0,1,72,72,1,0,0,0,0,100,0,0,0,0,0,0,0,0,0,0,0,0,0,0,0,0,0,0,0,0,100,0,0,0,0,0,0,0,0,0,0,0,0,0,0,0,0
2007,7,7,1,0,1,74,74,5,0,0,0,0,0,20,40,20,0,20,0,0,0,0,0,0,0,0,0,0,0,0,0,0,0,0,20,40,20,0,20,0,0,0,0,0,0,0,0,0,0,0
2007,7,7,1,0,1,76,76,3,0,0,0,0,0,0,100,0,0,0,0,0,0,0,0,0,0,0,0,0,0,0,0,0,0,0,0,100,0,0,0,0,0,0,0,0,0,0,0,0,0,0
2007,7,7,1,0,1,78,78,2,0,0,0,0,0,0,0,0,100,0,0,0,0,0,0,0,0,0,0,0,0,0,0,0,0,0,0,0,0,100,0,0,0,0,0,0,0,0,0,0,0,0
2007,7,7,1,0,1,80,80,1,0,0,0,0,0,0,0,0,100,0,0,0,0,0,0,0,0,0,0,0,0,0,0,0,0,0,0,0,0,100,0,0,0,0,0,0,0,0,0,0,0,0
2007,7,7,1,0,1,82,82,2,0,0,0,0,0,50,0,50,0,0,0,0,0,0,0,0,0,0,0,0,0,0,0,0,0,0,50,0,50,0,0,0,0,0,0,0,0,0,0,0,0,0
2007,7,7,1,0,1,84,84,3,0,0,0,0,0,33.3333333333333,0,33.3333333333333,33.3333333333333,0,0,0,0,0,0,0,0,0,0,0,0,0,0,0,0,0,33.3333333333333,0,33.3333333333333,33.3333333333333,0,0,0,0,0,0,0,0,0,0,0,0
2007,7,7,1,0,1,88,88,1,0,0,0,0,0,0,0,0,0,0,100,0,0,0,0,0,0,0,0,0,0,0,0,0,0,0,0,0,0,0,0,100,0,0,0,0,0,0,0,0,0,0
2008,7,7,1,0,1,16,16,3,100,0,0,0,0,0,0,0,0,0,0,0,0,0,0,0,0,0,0,0,0,100,0,0,0,0,0,0,0,0,0,0,0,0,0,0,0,0,0,0,0,0
2008,7,7,1,0,1,18,18,27,100,0,0,0,0,0,0,0,0,0,0,0,0,0,0,0,0,0,0,0,0,100,0,0,0,0,0,0,0,0,0,0,0,0,0,0,0,0,0,0,0,0
2008,7,7,1,0,1,20,20,9,88.8888888888889,11.1111111111111,0,0,0,0,0,0,0,0,0,0,0,0,0,0,0,0,0,0,0,88.8888888888889,11.1111111111111,0,0,0,0,0,0,0,0,0,0,0,0,0,0,0,0,0,0,0
2008,7,7,1,0,1,22,22,9,66.6666666666667,33.3333333333333,0,0,0,0,0,0,0,0,0,0,0,0,0,0,0,0,0,0,0,66.6666666666667,33.3333333333333,0,0,0,0,0,0,0,0,0,0,0,0,0,0,0,0,0,0,0
2008,7,7,1,0,1,24,24,13,46.1538461538462,53.8461538461538,0,0,0,0,0,0,0,0,0,0,0,0,0,0,0,0,0,0,0,46.1538461538462,53.8461538461538,0,0,0,0,0,0,0,0,0,0,0,0,0,0,0,0,0,0,0
2008,7,7,1,0,1,26,26,5,0,100,0,0,0,0,0,0,0,0,0,0,0,0,0,0,0,0,0,0,0,0,100,0,0,0,0,0,0,0,0,0,0,0,0,0,0,0,0,0,0,0
2008,7,7,1,0,1,28,28,7,14.2857142857143,85.7142857142857,0,0,0,0,0,0,0,0,0,0,0,0,0,0,0,0,0,0,0,14.2857142857143,85.7142857142857,0,0,0,0,0,0,0,0,0,0,0,0,0,0,0,0,0,0,0
2008,7,7,1,0,1,30,30,12,25,75,0,0,0,0,0,0,0,0,0,0,0,0,0,0,0,0,0,0,0,25,75,0,0,0,0,0,0,0,0,0,0,0,0,0,0,0,0,0,0,0
2008,7,7,1,0,1,32,32,3,0,100,0,0,0,0,0,0,0,0,0,0,0,0,0,0,0,0,0,0,0,0,100,0,0,0,0,0,0,0,0,0,0,0,0,0,0,0,0,0,0,0
2008,7,7,1,0,1,34,34,7,0,85.7142857142857,14.2857142857143,0,0,0,0,0,0,0,0,0,0,0,0,0,0,0,0,0,0,0,85.7142857142857,14.2857142857143,0,0,0,0,0,0,0,0,0,0,0,0,0,0,0,0,0,0
2008,7,7,1,0,1,36,36,1,0,100,0,0,0,0,0,0,0,0,0,0,0,0,0,0,0,0,0,0,0,0,100,0,0,0,0,0,0,0,0,0,0,0,0,0,0,0,0,0,0,0
2008,7,7,1,0,1,38,38,2,0,50,50,0,0,0,0,0,0,0,0,0,0,0,0,0,0,0,0,0,0,0,50,50,0,0,0,0,0,0,0,0,0,0,0,0,0,0,0,0,0,0
2008,7,7,1,0,1,52,52,3,0,0,33.3333333333333,0,66.6666666666667,0,0,0,0,0,0,0,0,0,0,0,0,0,0,0,0,0,0,33.3333333333333,0,66.6666666666667,0,0,0,0,0,0,0,0,0,0,0,0,0,0,0,0
2008,7,7,1,0,1,54,54,1,0,0,0,0,100,0,0,0,0,0,0,0,0,0,0,0,0,0,0,0,0,0,0,0,0,100,0,0,0,0,0,0,0,0,0,0,0,0,0,0,0,0
2008,7,7,1,0,1,58,58,1,0,0,0,0,100,0,0,0,0,0,0,0,0,0,0,0,0,0,0,0,0,0,0,0,0,100,0,0,0,0,0,0,0,0,0,0,0,0,0,0,0,0
2008,7,7,1,0,1,60,60,1,0,0,0,0,0,100,0,0,0,0,0,0,0,0,0,0,0,0,0,0,0,0,0,0,0,0,100,0,0,0,0,0,0,0,0,0,0,0,0,0,0,0
2008,7,7,1,0,1,62,62,3,0,0,0,33.3333333333333,33.3333333333333,0,33.3333333333333,0,0,0,0,0,0,0,0,0,0,0,0,0,0,0,0,0,33.3333333333333,33.3333333333333,0,33.3333333333333,0,0,0,0,0,0,0,0,0,0,0,0,0,0
2008,7,7,1,0,1,64,64,1,0,0,0,0,100,0,0,0,0,0,0,0,0,0,0,0,0,0,0,0,0,0,0,0,0,100,0,0,0,0,0,0,0,0,0,0,0,0,0,0,0,0
2008,7,7,1,0,1,68,68,2,0,0,0,0,0,0,100,0,0,0,0,0,0,0,0,0,0,0,0,0,0,0,0,0,0,0,0,100,0,0,0,0,0,0,0,0,0,0,0,0,0,0
2008,7,7,1,0,1,70,70,3,0,0,0,0,0,66.6666666666667,0,33.3333333333333,0,0,0,0,0,0,0,0,0,0,0,0,0,0,0,0,0,0,66.6666666666667,0,33.3333333333333,0,0,0,0,0,0,0,0,0,0,0,0,0
2008,7,7,1,0,1,72,72,2,0,0,0,0,0,0,0,100,0,0,0,0,0,0,0,0,0,0,0,0,0,0,0,0,0,0,0,0,100,0,0,0,0,0,0,0,0,0,0,0,0,0
2008,7,7,1,0,1,74,74,5,0,0,0,0,0,40,20,40,0,0,0,0,0,0,0,0,0,0,0,0,0,0,0,0,0,0,40,20,40,0,0,0,0,0,0,0,0,0,0,0,0,0
2008,7,7,1,0,1,76,76,1,0,0,0,0,0,0,0,100,0,0,0,0,0,0,0,0,0,0,0,0,0,0,0,0,0,0,0,0,100,0,0,0,0,0,0,0,0,0,0,0,0,0
2008,7,7,1,0,1,78,78,3,0,0,0,0,0,33.3333333333333,66.6666666666667,0,0,0,0,0,0,0,0,0,0,0,0,0,0,0,0,0,0,0,33.3333333333333,66.6666666666667,0,0,0,0,0,0,0,0,0,0,0,0,0,0
2008,7,7,1,0,1,80,80,3,0,0,0,0,0,0,33.3333333333333,33.3333333333333,33.3333333333333,0,0,0,0,0,0,0,0,0,0,0,0,0,0,0,0,0,0,33.3333333333333,33.3333333333333,33.3333333333333,0,0,0,0,0,0,0,0,0,0,0,0
2008,7,7,1,0,1,82,82,3,0,0,0,0,0,0,33.3333333333333,0,66.6666666666667,0,0,0,0,0,0,0,0,0,0,0,0,0,0,0,0,0,0,33.3333333333333,0,66.6666666666667,0,0,0,0,0,0,0,0,0,0,0,0
2008,7,7,1,0,1,86,86,5,0,0,0,0,0,0,40,40,0,0,20,0,0,0,0,0,0,0,0,0,0,0,0,0,0,0,0,40,40,0,0,20,0,0,0,0,0,0,0,0,0,0
2008,7,7,1,0,1,88,88,1,0,0,0,0,0,0,0,0,100,0,0,0,0,0,0,0,0,0,0,0,0,0,0,0,0,0,0,0,0,100,0,0,0,0,0,0,0,0,0,0,0,0
2008,7,7,1,0,1,92,92,1,0,0,0,0,0,0,0,0,0,100,0,0,0,0,0,0,0,0,0,0,0,0,0,0,0,0,0,0,0,0,100,0,0,0,0,0,0,0,0,0,0,0
2009,7,7,1,0,1,16,16,1,100,0,0,0,0,0,0,0,0,0,0,0,0,0,0,0,0,0,0,0,0,100,0,0,0,0,0,0,0,0,0,0,0,0,0,0,0,0,0,0,0,0
2009,7,7,1,0,1,18,18,7,100,0,0,0,0,0,0,0,0,0,0,0,0,0,0,0,0,0,0,0,0,100,0,0,0,0,0,0,0,0,0,0,0,0,0,0,0,0,0,0,0,0
2009,7,7,1,0,1,20,20,5,80,20,0,0,0,0,0,0,0,0,0,0,0,0,0,0,0,0,0,0,0,80,20,0,0,0,0,0,0,0,0,0,0,0,0,0,0,0,0,0,0,0
2009,7,7,1,0,1,22,22,9,33.3333333333333,66.6666666666667,0,0,0,0,0,0,0,0,0,0,0,0,0,0,0,0,0,0,0,33.3333333333333,66.6666666666667,0,0,0,0,0,0,0,0,0,0,0,0,0,0,0,0,0,0,0
2009,7,7,1,0,1,24,24,16,6.25,93.75,0,0,0,0,0,0,0,0,0,0,0,0,0,0,0,0,0,0,0,6.25,93.75,0,0,0,0,0,0,0,0,0,0,0,0,0,0,0,0,0,0,0
2009,7,7,1,0,1,26,26,11,0,100,0,0,0,0,0,0,0,0,0,0,0,0,0,0,0,0,0,0,0,0,100,0,0,0,0,0,0,0,0,0,0,0,0,0,0,0,0,0,0,0
2009,7,7,1,0,1,28,28,20,0,100,0,0,0,0,0,0,0,0,0,0,0,0,0,0,0,0,0,0,0,0,100,0,0,0,0,0,0,0,0,0,0,0,0,0,0,0,0,0,0,0
2009,7,7,1,0,1,30,30,14,0,100,0,0,0,0,0,0,0,0,0,0,0,0,0,0,0,0,0,0,0,0,100,0,0,0,0,0,0,0,0,0,0,0,0,0,0,0,0,0,0,0
2009,7,7,1,0,1,32,32,5,0,100,0,0,0,0,0,0,0,0,0,0,0,0,0,0,0,0,0,0,0,0,100,0,0,0,0,0,0,0,0,0,0,0,0,0,0,0,0,0,0,0
2009,7,7,1,0,1,34,34,7,0,85.7142857142857,14.2857142857143,0,0,0,0,0,0,0,0,0,0,0,0,0,0,0,0,0,0,0,85.7142857142857,14.2857142857143,0,0,0,0,0,0,0,0,0,0,0,0,0,0,0,0,0,0
2009,7,7,1,0,1,36,36,4,0,25,75,0,0,0,0,0,0,0,0,0,0,0,0,0,0,0,0,0,0,0,25,75,0,0,0,0,0,0,0,0,0,0,0,0,0,0,0,0,0,0
2009,7,7,1,0,1,38,38,1,0,0,100,0,0,0,0,0,0,0,0,0,0,0,0,0,0,0,0,0,0,0,0,100,0,0,0,0,0,0,0,0,0,0,0,0,0,0,0,0,0,0
2009,7,7,1,0,1,42,42,1,0,0,100,0,0,0,0,0,0,0,0,0,0,0,0,0,0,0,0,0,0,0,0,100,0,0,0,0,0,0,0,0,0,0,0,0,0,0,0,0,0,0
2009,7,7,1,0,1,44,44,1,0,0,100,0,0,0,0,0,0,0,0,0,0,0,0,0,0,0,0,0,0,0,0,100,0,0,0,0,0,0,0,0,0,0,0,0,0,0,0,0,0,0
2009,7,7,1,0,1,48,48,1,0,0,100,0,0,0,0,0,0,0,0,0,0,0,0,0,0,0,0,0,0,0,0,100,0,0,0,0,0,0,0,0,0,0,0,0,0,0,0,0,0,0
2009,7,7,1,0,1,50,50,1,0,0,100,0,0,0,0,0,0,0,0,0,0,0,0,0,0,0,0,0,0,0,0,100,0,0,0,0,0,0,0,0,0,0,0,0,0,0,0,0,0,0
2009,7,7,1,0,1,60,60,2,0,0,0,0,50,50,0,0,0,0,0,0,0,0,0,0,0,0,0,0,0,0,0,0,0,50,50,0,0,0,0,0,0,0,0,0,0,0,0,0,0,0
2009,7,7,1,0,1,62,62,2,0,0,0,0,50,0,0,50,0,0,0,0,0,0,0,0,0,0,0,0,0,0,0,0,0,50,0,0,50,0,0,0,0,0,0,0,0,0,0,0,0,0
2009,7,7,1,0,1,64,64,1,0,0,0,0,0,0,100,0,0,0,0,0,0,0,0,0,0,0,0,0,0,0,0,0,0,0,0,100,0,0,0,0,0,0,0,0,0,0,0,0,0,0
2009,7,7,1,0,1,68,68,2,0,0,0,0,0,100,0,0,0,0,0,0,0,0,0,0,0,0,0,0,0,0,0,0,0,0,100,0,0,0,0,0,0,0,0,0,0,0,0,0,0,0
2009,7,7,1,0,1,70,70,2,0,0,0,0,50,50,0,0,0,0,0,0,0,0,0,0,0,0,0,0,0,0,0,0,0,50,50,0,0,0,0,0,0,0,0,0,0,0,0,0,0,0
2009,7,7,1,0,1,72,72,1,0,0,0,0,0,100,0,0,0,0,0,0,0,0,0,0,0,0,0,0,0,0,0,0,0,0,100,0,0,0,0,0,0,0,0,0,0,0,0,0,0,0
2009,7,7,1,0,1,76,76,2,0,0,0,0,0,0,0,0,100,0,0,0,0,0,0,0,0,0,0,0,0,0,0,0,0,0,0,0,0,100,0,0,0,0,0,0,0,0,0,0,0,0
2009,7,7,1,0,1,78,78,2,0,0,0,0,0,0,0,50,50,0,0,0,0,0,0,0,0,0,0,0,0,0,0,0,0,0,0,0,50,50,0,0,0,0,0,0,0,0,0,0,0,0
2010,7,7,1,0,1,14,14,4,100,0,0,0,0,0,0,0,0,0,0,0,0,0,0,0,0,0,0,0,0,100,0,0,0,0,0,0,0,0,0,0,0,0,0,0,0,0,0,0,0,0
2010,7,7,1,0,1,16,16,5,100,0,0,0,0,0,0,0,0,0,0,0,0,0,0,0,0,0,0,0,0,100,0,0,0,0,0,0,0,0,0,0,0,0,0,0,0,0,0,0,0,0
2010,7,7,1,0,1,18,18,10,100,0,0,0,0,0,0,0,0,0,0,0,0,0,0,0,0,0,0,0,0,100,0,0,0,0,0,0,0,0,0,0,0,0,0,0,0,0,0,0,0,0
2010,7,7,1,0,1,20,20,12,100,0,0,0,0,0,0,0,0,0,0,0,0,0,0,0,0,0,0,0,0,100,0,0,0,0,0,0,0,0,0,0,0,0,0,0,0,0,0,0,0,0
2010,7,7,1,0,1,22,22,8,100,0,0,0,0,0,0,0,0,0,0,0,0,0,0,0,0,0,0,0,0,100,0,0,0,0,0,0,0,0,0,0,0,0,0,0,0,0,0,0,0,0
2010,7,7,1,0,1,24,24,6,33.3333333333333,66.6666666666667,0,0,0,0,0,0,0,0,0,0,0,0,0,0,0,0,0,0,0,33.3333333333333,66.6666666666667,0,0,0,0,0,0,0,0,0,0,0,0,0,0,0,0,0,0,0
2010,7,7,1,0,1,26,26,4,0,100,0,0,0,0,0,0,0,0,0,0,0,0,0,0,0,0,0,0,0,0,100,0,0,0,0,0,0,0,0,0,0,0,0,0,0,0,0,0,0,0
2010,7,7,1,0,1,28,28,6,16.6666666666667,83.3333333333333,0,0,0,0,0,0,0,0,0,0,0,0,0,0,0,0,0,0,0,16.6666666666667,83.3333333333333,0,0,0,0,0,0,0,0,0,0,0,0,0,0,0,0,0,0,0
2010,7,7,1,0,1,30,30,10,0,100,0,0,0,0,0,0,0,0,0,0,0,0,0,0,0,0,0,0,0,0,100,0,0,0,0,0,0,0,0,0,0,0,0,0,0,0,0,0,0,0
2010,7,7,1,0,1,32,32,10,0,90,10,0,0,0,0,0,0,0,0,0,0,0,0,0,0,0,0,0,0,0,90,10,0,0,0,0,0,0,0,0,0,0,0,0,0,0,0,0,0,0
2010,7,7,1,0,1,34,34,3,0,100,0,0,0,0,0,0,0,0,0,0,0,0,0,0,0,0,0,0,0,0,100,0,0,0,0,0,0,0,0,0,0,0,0,0,0,0,0,0,0,0
2010,7,7,1,0,1,36,36,3,0,100,0,0,0,0,0,0,0,0,0,0,0,0,0,0,0,0,0,0,0,0,100,0,0,0,0,0,0,0,0,0,0,0,0,0,0,0,0,0,0,0
2010,7,7,1,0,1,38,38,3,0,66.6666666666667,33.3333333333333,0,0,0,0,0,0,0,0,0,0,0,0,0,0,0,0,0,0,0,66.6666666666667,33.3333333333333,0,0,0,0,0,0,0,0,0,0,0,0,0,0,0,0,0,0
2010,7,7,1,0,1,40,40,1,0,0,100,0,0,0,0,0,0,0,0,0,0,0,0,0,0,0,0,0,0,0,0,100,0,0,0,0,0,0,0,0,0,0,0,0,0,0,0,0,0,0
2010,7,7,1,0,1,44,44,1,0,0,100,0,0,0,0,0,0,0,0,0,0,0,0,0,0,0,0,0,0,0,0,100,0,0,0,0,0,0,0,0,0,0,0,0,0,0,0,0,0,0
2010,7,7,1,0,1,50,50,2,0,0,100,0,0,0,0,0,0,0,0,0,0,0,0,0,0,0,0,0,0,0,0,100,0,0,0,0,0,0,0,0,0,0,0,0,0,0,0,0,0,0
2010,7,7,1,0,1,52,52,1,0,0,100,0,0,0,0,0,0,0,0,0,0,0,0,0,0,0,0,0,0,0,0,100,0,0,0,0,0,0,0,0,0,0,0,0,0,0,0,0,0,0
2010,7,7,1,0,1,56,56,2,0,0,50,50,0,0,0,0,0,0,0,0,0,0,0,0,0,0,0,0,0,0,0,50,50,0,0,0,0,0,0,0,0,0,0,0,0,0,0,0,0,0
2010,7,7,1,0,1,66,66,1,0,0,0,0,100,0,0,0,0,0,0,0,0,0,0,0,0,0,0,0,0,0,0,0,0,100,0,0,0,0,0,0,0,0,0,0,0,0,0,0,0,0
2010,7,7,1,0,1,68,68,2,0,0,0,0,100,0,0,0,0,0,0,0,0,0,0,0,0,0,0,0,0,0,0,0,0,100,0,0,0,0,0,0,0,0,0,0,0,0,0,0,0,0
2010,7,7,1,0,1,70,70,2,0,0,0,0,50,0,50,0,0,0,0,0,0,0,0,0,0,0,0,0,0,0,0,0,0,50,0,50,0,0,0,0,0,0,0,0,0,0,0,0,0,0
2010,7,7,1,0,1,72,72,1,0,0,0,0,100,0,0,0,0,0,0,0,0,0,0,0,0,0,0,0,0,0,0,0,0,100,0,0,0,0,0,0,0,0,0,0,0,0,0,0,0,0
2010,7,7,1,0,1,74,74,1,0,0,0,0,0,0,0,0,0,100,0,0,0,0,0,0,0,0,0,0,0,0,0,0,0,0,0,0,0,0,100,0,0,0,0,0,0,0,0,0,0,0
2010,7,7,1,0,1,78,78,2,0,0,0,0,50,0,0,0,0,50,0,0,0,0,0,0,0,0,0,0,0,0,0,0,0,50,0,0,0,0,50,0,0,0,0,0,0,0,0,0,0,0
2010,7,7,1,0,1,80,80,1,0,0,0,0,0,0,100,0,0,0,0,0,0,0,0,0,0,0,0,0,0,0,0,0,0,0,0,100,0,0,0,0,0,0,0,0,0,0,0,0,0,0
2010,7,7,1,0,1,88,88,2,0,0,0,0,0,0,0,50,0,50,0,0,0,0,0,0,0,0,0,0,0,0,0,0,0,0,0,0,50,0,50,0,0,0,0,0,0,0,0,0,0,0
2011,7,7,1,0,1,16,16,2,100,0,0,0,0,0,0,0,0,0,0,0,0,0,0,0,0,0,0,0,0,100,0,0,0,0,0,0,0,0,0,0,0,0,0,0,0,0,0,0,0,0
2011,7,7,1,0,1,18,18,4,100,0,0,0,0,0,0,0,0,0,0,0,0,0,0,0,0,0,0,0,0,100,0,0,0,0,0,0,0,0,0,0,0,0,0,0,0,0,0,0,0,0
2011,7,7,1,0,1,20,20,9,100,0,0,0,0,0,0,0,0,0,0,0,0,0,0,0,0,0,0,0,0,100,0,0,0,0,0,0,0,0,0,0,0,0,0,0,0,0,0,0,0,0
2011,7,7,1,0,1,22,22,8,37.5,62.5,0,0,0,0,0,0,0,0,0,0,0,0,0,0,0,0,0,0,0,37.5,62.5,0,0,0,0,0,0,0,0,0,0,0,0,0,0,0,0,0,0,0
2011,7,7,1,0,1,24,24,8,12.5,87.5,0,0,0,0,0,0,0,0,0,0,0,0,0,0,0,0,0,0,0,12.5,87.5,0,0,0,0,0,0,0,0,0,0,0,0,0,0,0,0,0,0,0
2011,7,7,1,0,1,26,26,14,0,100,0,0,0,0,0,0,0,0,0,0,0,0,0,0,0,0,0,0,0,0,100,0,0,0,0,0,0,0,0,0,0,0,0,0,0,0,0,0,0,0
2011,7,7,1,0,1,28,28,13,0,100,0,0,0,0,0,0,0,0,0,0,0,0,0,0,0,0,0,0,0,0,100,0,0,0,0,0,0,0,0,0,0,0,0,0,0,0,0,0,0,0
2011,7,7,1,0,1,30,30,12,0,100,0,0,0,0,0,0,0,0,0,0,0,0,0,0,0,0,0,0,0,0,100,0,0,0,0,0,0,0,0,0,0,0,0,0,0,0,0,0,0,0
2011,7,7,1,0,1,32,32,10,0,100,0,0,0,0,0,0,0,0,0,0,0,0,0,0,0,0,0,0,0,0,100,0,0,0,0,0,0,0,0,0,0,0,0,0,0,0,0,0,0,0
2011,7,7,1,0,1,34,34,10,0,70,30,0,0,0,0,0,0,0,0,0,0,0,0,0,0,0,0,0,0,0,70,30,0,0,0,0,0,0,0,0,0,0,0,0,0,0,0,0,0,0
2011,7,7,1,0,1,36,36,2,0,0,100,0,0,0,0,0,0,0,0,0,0,0,0,0,0,0,0,0,0,0,0,100,0,0,0,0,0,0,0,0,0,0,0,0,0,0,0,0,0,0
2011,7,7,1,0,1,38,38,2,0,50,50,0,0,0,0,0,0,0,0,0,0,0,0,0,0,0,0,0,0,0,50,50,0,0,0,0,0,0,0,0,0,0,0,0,0,0,0,0,0,0
2011,7,7,1,0,1,42,42,3,0,0,100,0,0,0,0,0,0,0,0,0,0,0,0,0,0,0,0,0,0,0,0,100,0,0,0,0,0,0,0,0,0,0,0,0,0,0,0,0,0,0
2011,7,7,1,0,1,44,44,2,0,0,100,0,0,0,0,0,0,0,0,0,0,0,0,0,0,0,0,0,0,0,0,100,0,0,0,0,0,0,0,0,0,0,0,0,0,0,0,0,0,0
2011,7,7,1,0,1,50,50,1,0,0,100,0,0,0,0,0,0,0,0,0,0,0,0,0,0,0,0,0,0,0,0,100,0,0,0,0,0,0,0,0,0,0,0,0,0,0,0,0,0,0
2011,7,7,1,0,1,54,54,2,0,0,0,100,0,0,0,0,0,0,0,0,0,0,0,0,0,0,0,0,0,0,0,0,100,0,0,0,0,0,0,0,0,0,0,0,0,0,0,0,0,0
2011,7,7,1,0,1,56,56,1,0,0,0,0,100,0,0,0,0,0,0,0,0,0,0,0,0,0,0,0,0,0,0,0,0,100,0,0,0,0,0,0,0,0,0,0,0,0,0,0,0,0
2011,7,7,1,0,1,58,58,3,0,0,0,0,66.6666666666667,33.3333333333333,0,0,0,0,0,0,0,0,0,0,0,0,0,0,0,0,0,0,0,66.6666666666667,33.3333333333333,0,0,0,0,0,0,0,0,0,0,0,0,0,0,0
2011,7,7,1,0,1,60,60,2,0,0,0,0,100,0,0,0,0,0,0,0,0,0,0,0,0,0,0,0,0,0,0,0,0,100,0,0,0,0,0,0,0,0,0,0,0,0,0,0,0,0
2011,7,7,1,0,1,76,76,1,0,0,0,0,0,0,0,0,0,0,0,100,0,0,0,0,0,0,0,0,0,0,0,0,0,0,0,0,0,0,0,0,100,0,0,0,0,0,0,0,0,0
2011,7,7,1,0,1,80,80,1,0,0,0,0,0,0,0,0,0,0,100,0,0,0,0,0,0,0,0,0,0,0,0,0,0,0,0,0,0,0,0,100,0,0,0,0,0,0,0,0,0,0
2011,7,7,1,0,1,84,84,1,0,0,0,0,0,0,0,0,0,100,0,0,0,0,0,0,0,0,0,0,0,0,0,0,0,0,0,0,0,0,100,0,0,0,0,0,0,0,0,0,0,0
2012,7,7,1,0,1,18,18,2,100,0,0,0,0,0,0,0,0,0,0,0,0,0,0,0,0,0,0,0,0,100,0,0,0,0,0,0,0,0,0,0,0,0,0,0,0,0,0,0,0,0
2012,7,7,1,0,1,20,20,11,100,0,0,0,0,0,0,0,0,0,0,0,0,0,0,0,0,0,0,0,0,100,0,0,0,0,0,0,0,0,0,0,0,0,0,0,0,0,0,0,0,0
2012,7,7,1,0,1,22,22,6,50,50,0,0,0,0,0,0,0,0,0,0,0,0,0,0,0,0,0,0,0,50,50,0,0,0,0,0,0,0,0,0,0,0,0,0,0,0,0,0,0,0
2012,7,7,1,0,1,24,24,8,12.5,87.5,0,0,0,0,0,0,0,0,0,0,0,0,0,0,0,0,0,0,0,12.5,87.5,0,0,0,0,0,0,0,0,0,0,0,0,0,0,0,0,0,0,0
2012,7,7,1,0,1,26,26,5,0,100,0,0,0,0,0,0,0,0,0,0,0,0,0,0,0,0,0,0,0,0,100,0,0,0,0,0,0,0,0,0,0,0,0,0,0,0,0,0,0,0
2012,7,7,1,0,1,28,28,11,0,100,0,0,0,0,0,0,0,0,0,0,0,0,0,0,0,0,0,0,0,0,100,0,0,0,0,0,0,0,0,0,0,0,0,0,0,0,0,0,0,0
2012,7,7,1,0,1,30,30,8,0,100,0,0,0,0,0,0,0,0,0,0,0,0,0,0,0,0,0,0,0,0,100,0,0,0,0,0,0,0,0,0,0,0,0,0,0,0,0,0,0,0
2012,7,7,1,0,1,32,32,4,0,100,0,0,0,0,0,0,0,0,0,0,0,0,0,0,0,0,0,0,0,0,100,0,0,0,0,0,0,0,0,0,0,0,0,0,0,0,0,0,0,0
2012,7,7,1,0,1,34,34,4,0,50,50,0,0,0,0,0,0,0,0,0,0,0,0,0,0,0,0,0,0,0,50,50,0,0,0,0,0,0,0,0,0,0,0,0,0,0,0,0,0,0
2012,7,7,1,0,1,36,36,3,0,33.3333333333333,66.6666666666667,0,0,0,0,0,0,0,0,0,0,0,0,0,0,0,0,0,0,0,33.3333333333333,66.6666666666667,0,0,0,0,0,0,0,0,0,0,0,0,0,0,0,0,0,0
2012,7,7,1,0,1,38,38,6,0,66.6666666666667,33.3333333333333,0,0,0,0,0,0,0,0,0,0,0,0,0,0,0,0,0,0,0,66.6666666666667,33.3333333333333,0,0,0,0,0,0,0,0,0,0,0,0,0,0,0,0,0,0
2012,7,7,1,0,1,40,40,5,0,0,100,0,0,0,0,0,0,0,0,0,0,0,0,0,0,0,0,0,0,0,0,100,0,0,0,0,0,0,0,0,0,0,0,0,0,0,0,0,0,0
2012,7,7,1,0,1,42,42,3,0,33.3333333333333,66.6666666666667,0,0,0,0,0,0,0,0,0,0,0,0,0,0,0,0,0,0,0,33.3333333333333,66.6666666666667,0,0,0,0,0,0,0,0,0,0,0,0,0,0,0,0,0,0
2012,7,7,1,0,1,44,44,3,0,0,66.6666666666667,33.3333333333333,0,0,0,0,0,0,0,0,0,0,0,0,0,0,0,0,0,0,0,66.6666666666667,33.3333333333333,0,0,0,0,0,0,0,0,0,0,0,0,0,0,0,0,0
2012,7,7,1,0,1,46,46,4,0,0,100,0,0,0,0,0,0,0,0,0,0,0,0,0,0,0,0,0,0,0,0,100,0,0,0,0,0,0,0,0,0,0,0,0,0,0,0,0,0,0
2012,7,7,1,0,1,48,48,4,0,0,75,25,0,0,0,0,0,0,0,0,0,0,0,0,0,0,0,0,0,0,0,75,25,0,0,0,0,0,0,0,0,0,0,0,0,0,0,0,0,0
2012,7,7,1,0,1,50,50,1,0,0,0,100,0,0,0,0,0,0,0,0,0,0,0,0,0,0,0,0,0,0,0,0,100,0,0,0,0,0,0,0,0,0,0,0,0,0,0,0,0,0
2012,7,7,1,0,1,54,54,1,0,0,0,100,0,0,0,0,0,0,0,0,0,0,0,0,0,0,0,0,0,0,0,0,100,0,0,0,0,0,0,0,0,0,0,0,0,0,0,0,0,0
2012,7,7,1,0,1,56,56,1,0,0,0,100,0,0,0,0,0,0,0,0,0,0,0,0,0,0,0,0,0,0,0,0,100,0,0,0,0,0,0,0,0,0,0,0,0,0,0,0,0,0
2012,7,7,1,0,1,62,62,1,0,0,0,0,0,0,0,100,0,0,0,0,0,0,0,0,0,0,0,0,0,0,0,0,0,0,0,0,100,0,0,0,0,0,0,0,0,0,0,0,0,0
2012,7,7,1,0,1,68,68,1,0,0,0,0,0,0,0,100,0,0,0,0,0,0,0,0,0,0,0,0,0,0,0,0,0,0,0,0,100,0,0,0,0,0,0,0,0,0,0,0,0,0
2012,7,7,1,0,1,70,70,1,0,0,0,0,0,100,0,0,0,0,0,0,0,0,0,0,0,0,0,0,0,0,0,0,0,0,100,0,0,0,0,0,0,0,0,0,0,0,0,0,0,0
2012,7,7,1,0,1,78,78,1,0,0,0,0,0,0,100,0,0,0,0,0,0,0,0,0,0,0,0,0,0,0,0,0,0,0,0,100,0,0,0,0,0,0,0,0,0,0,0,0,0,0
2012,7,7,1,0,1,80,80,1,0,0,0,0,0,0,0,0,0,100,0,0,0,0,0,0,0,0,0,0,0,0,0,0,0,0,0,0,0,0,100,0,0,0,0,0,0,0,0,0,0,0
2012,7,7,1,0,1,82,82,1,0,0,0,0,0,0,0,0,0,0,100,0,0,0,0,0,0,0,0,0,0,0,0,0,0,0,0,0,0,0,0,100,0,0,0,0,0,0,0,0,0,0
2012,7,7,1,0,1,84,84,2,0,0,0,0,0,0,0,0,0,0,0,50,50,0,0,0,0,0,0,0,0,0,0,0,0,0,0,0,0,0,0,0,50,50,0,0,0,0,0,0,0,0
2013,7,7,1,0,1,16,16,1,100,0,0,0,0,0,0,0,0,0,0,0,0,0,0,0,0,0,0,0,0,100,0,0,0,0,0,0,0,0,0,0,0,0,0,0,0,0,0,0,0,0
2013,7,7,1,0,1,18,18,2,100,0,0,0,0,0,0,0,0,0,0,0,0,0,0,0,0,0,0,0,0,100,0,0,0,0,0,0,0,0,0,0,0,0,0,0,0,0,0,0,0,0
2013,7,7,1,0,1,20,20,2,100,0,0,0,0,0,0,0,0,0,0,0,0,0,0,0,0,0,0,0,0,100,0,0,0,0,0,0,0,0,0,0,0,0,0,0,0,0,0,0,0,0
2013,7,7,1,0,1,24,24,1,0,100,0,0,0,0,0,0,0,0,0,0,0,0,0,0,0,0,0,0,0,0,100,0,0,0,0,0,0,0,0,0,0,0,0,0,0,0,0,0,0,0
2013,7,7,1,0,1,26,26,4,0,100,0,0,0,0,0,0,0,0,0,0,0,0,0,0,0,0,0,0,0,0,100,0,0,0,0,0,0,0,0,0,0,0,0,0,0,0,0,0,0,0
2013,7,7,1,0,1,28,28,4,0,100,0,0,0,0,0,0,0,0,0,0,0,0,0,0,0,0,0,0,0,0,100,0,0,0,0,0,0,0,0,0,0,0,0,0,0,0,0,0,0,0
2013,7,7,1,0,1,30,30,10,0,100,0,0,0,0,0,0,0,0,0,0,0,0,0,0,0,0,0,0,0,0,100,0,0,0,0,0,0,0,0,0,0,0,0,0,0,0,0,0,0,0
2013,7,7,1,0,1,32,32,3,0,100,0,0,0,0,0,0,0,0,0,0,0,0,0,0,0,0,0,0,0,0,100,0,0,0,0,0,0,0,0,0,0,0,0,0,0,0,0,0,0,0
2013,7,7,1,0,1,34,34,2,0,100,0,0,0,0,0,0,0,0,0,0,0,0,0,0,0,0,0,0,0,0,100,0,0,0,0,0,0,0,0,0,0,0,0,0,0,0,0,0,0,0
2013,7,7,1,0,1,36,36,7,0,28.5714285714286,71.4285714285714,0,0,0,0,0,0,0,0,0,0,0,0,0,0,0,0,0,0,0,28.5714285714286,71.4285714285714,0,0,0,0,0,0,0,0,0,0,0,0,0,0,0,0,0,0
2013,7,7,1,0,1,38,38,1,0,0,100,0,0,0,0,0,0,0,0,0,0,0,0,0,0,0,0,0,0,0,0,100,0,0,0,0,0,0,0,0,0,0,0,0,0,0,0,0,0,0
2013,7,7,1,0,1,40,40,3,0,33.3333333333333,66.6666666666667,0,0,0,0,0,0,0,0,0,0,0,0,0,0,0,0,0,0,0,33.3333333333333,66.6666666666667,0,0,0,0,0,0,0,0,0,0,0,0,0,0,0,0,0,0
2013,7,7,1,0,1,42,42,4,0,0,100,0,0,0,0,0,0,0,0,0,0,0,0,0,0,0,0,0,0,0,0,100,0,0,0,0,0,0,0,0,0,0,0,0,0,0,0,0,0,0
2013,7,7,1,0,1,44,44,4,0,0,100,0,0,0,0,0,0,0,0,0,0,0,0,0,0,0,0,0,0,0,0,100,0,0,0,0,0,0,0,0,0,0,0,0,0,0,0,0,0,0
2013,7,7,1,0,1,46,46,2,0,0,50,50,0,0,0,0,0,0,0,0,0,0,0,0,0,0,0,0,0,0,0,50,50,0,0,0,0,0,0,0,0,0,0,0,0,0,0,0,0,0
2013,7,7,1,0,1,48,48,1,0,0,0,100,0,0,0,0,0,0,0,0,0,0,0,0,0,0,0,0,0,0,0,0,100,0,0,0,0,0,0,0,0,0,0,0,0,0,0,0,0,0
2013,7,7,1,0,1,50,50,1,0,0,0,100,0,0,0,0,0,0,0,0,0,0,0,0,0,0,0,0,0,0,0,0,100,0,0,0,0,0,0,0,0,0,0,0,0,0,0,0,0,0
2013,7,7,1,0,1,52,52,5,0,0,0,100,0,0,0,0,0,0,0,0,0,0,0,0,0,0,0,0,0,0,0,0,100,0,0,0,0,0,0,0,0,0,0,0,0,0,0,0,0,0
2013,7,7,1,0,1,54,54,7,0,0,14.2857142857143,85.7142857142857,0,0,0,0,0,0,0,0,0,0,0,0,0,0,0,0,0,0,0,14.2857142857143,85.7142857142857,0,0,0,0,0,0,0,0,0,0,0,0,0,0,0,0,0
2013,7,7,1,0,1,56,56,5,0,0,20,80,0,0,0,0,0,0,0,0,0,0,0,0,0,0,0,0,0,0,0,20,80,0,0,0,0,0,0,0,0,0,0,0,0,0,0,0,0,0
2013,7,7,1,0,1,58,58,2,0,0,0,50,50,0,0,0,0,0,0,0,0,0,0,0,0,0,0,0,0,0,0,0,50,50,0,0,0,0,0,0,0,0,0,0,0,0,0,0,0,0
2013,7,7,1,0,1,60,60,1,0,0,0,100,0,0,0,0,0,0,0,0,0,0,0,0,0,0,0,0,0,0,0,0,100,0,0,0,0,0,0,0,0,0,0,0,0,0,0,0,0,0
2013,7,7,1,0,1,62,62,2,0,0,0,50,50,0,0,0,0,0,0,0,0,0,0,0,0,0,0,0,0,0,0,0,50,50,0,0,0,0,0,0,0,0,0,0,0,0,0,0,0,0
2013,7,7,1,0,1,68,68,1,0,0,0,0,0,0,0,0,100,0,0,0,0,0,0,0,0,0,0,0,0,0,0,0,0,0,0,0,0,100,0,0,0,0,0,0,0,0,0,0,0,0
2013,7,7,1,0,1,70,70,1,0,0,0,0,0,100,0,0,0,0,0,0,0,0,0,0,0,0,0,0,0,0,0,0,0,0,100,0,0,0,0,0,0,0,0,0,0,0,0,0,0,0
2013,7,7,1,0,1,74,74,1,0,0,0,0,100,0,0,0,0,0,0,0,0,0,0,0,0,0,0,0,0,0,0,0,0,100,0,0,0,0,0,0,0,0,0,0,0,0,0,0,0,0
2013,7,7,1,0,1,82,82,1,0,0,0,0,0,0,0,0,0,100,0,0,0,0,0,0,0,0,0,0,0,0,0,0,0,0,0,0,0,0,100,0,0,0,0,0,0,0,0,0,0,0
2013,7,7,1,0,1,84,84,1,0,0,0,0,0,0,0,0,0,0,0,100,0,0,0,0,0,0,0,0,0,0,0,0,0,0,0,0,0,0,0,0,100,0,0,0,0,0,0,0,0,0
2013,7,7,1,0,1,86,86,1,0,0,0,0,0,0,0,0,0,0,0,100,0,0,0,0,0,0,0,0,0,0,0,0,0,0,0,0,0,0,0,0,100,0,0,0,0,0,0,0,0,0
2014,7,7,1,0,1,18,18,1,100,0,0,0,0,0,0,0,0,0,0,0,0,0,0,0,0,0,0,0,0,100,0,0,0,0,0,0,0,0,0,0,0,0,0,0,0,0,0,0,0,0
2014,7,7,1,0,1,20,20,5,100,0,0,0,0,0,0,0,0,0,0,0,0,0,0,0,0,0,0,0,0,100,0,0,0,0,0,0,0,0,0,0,0,0,0,0,0,0,0,0,0,0
2014,7,7,1,0,1,22,22,4,75,25,0,0,0,0,0,0,0,0,0,0,0,0,0,0,0,0,0,0,0,75,25,0,0,0,0,0,0,0,0,0,0,0,0,0,0,0,0,0,0,0
2014,7,7,1,0,1,24,24,5,20,80,0,0,0,0,0,0,0,0,0,0,0,0,0,0,0,0,0,0,0,20,80,0,0,0,0,0,0,0,0,0,0,0,0,0,0,0,0,0,0,0
2014,7,7,1,0,1,26,26,12,0,100,0,0,0,0,0,0,0,0,0,0,0,0,0,0,0,0,0,0,0,0,100,0,0,0,0,0,0,0,0,0,0,0,0,0,0,0,0,0,0,0
2014,7,7,1,0,1,28,28,13,0,100,0,0,0,0,0,0,0,0,0,0,0,0,0,0,0,0,0,0,0,0,100,0,0,0,0,0,0,0,0,0,0,0,0,0,0,0,0,0,0,0
2014,7,7,1,0,1,30,30,20,0,100,0,0,0,0,0,0,0,0,0,0,0,0,0,0,0,0,0,0,0,0,100,0,0,0,0,0,0,0,0,0,0,0,0,0,0,0,0,0,0,0
2014,7,7,1,0,1,32,32,15,0,100,0,0,0,0,0,0,0,0,0,0,0,0,0,0,0,0,0,0,0,0,100,0,0,0,0,0,0,0,0,0,0,0,0,0,0,0,0,0,0,0
2014,7,7,1,0,1,34,34,12,0,66.6666666666667,33.3333333333333,0,0,0,0,0,0,0,0,0,0,0,0,0,0,0,0,0,0,0,66.6666666666667,33.3333333333333,0,0,0,0,0,0,0,0,0,0,0,0,0,0,0,0,0,0
2014,7,7,1,0,1,36,36,1,0,100,0,0,0,0,0,0,0,0,0,0,0,0,0,0,0,0,0,0,0,0,100,0,0,0,0,0,0,0,0,0,0,0,0,0,0,0,0,0,0,0
2014,7,7,1,0,1,38,38,1,0,0,100,0,0,0,0,0,0,0,0,0,0,0,0,0,0,0,0,0,0,0,0,100,0,0,0,0,0,0,0,0,0,0,0,0,0,0,0,0,0,0
2014,7,7,1,0,1,40,40,2,0,50,50,0,0,0,0,0,0,0,0,0,0,0,0,0,0,0,0,0,0,0,50,50,0,0,0,0,0,0,0,0,0,0,0,0,0,0,0,0,0,0
2014,7,7,1,0,1,42,42,2,0,0,50,50,0,0,0,0,0,0,0,0,0,0,0,0,0,0,0,0,0,0,0,50,50,0,0,0,0,0,0,0,0,0,0,0,0,0,0,0,0,0
2014,7,7,1,0,1,44,44,4,0,0,100,0,0,0,0,0,0,0,0,0,0,0,0,0,0,0,0,0,0,0,0,100,0,0,0,0,0,0,0,0,0,0,0,0,0,0,0,0,0,0
2014,7,7,1,0,1,46,46,1,0,0,100,0,0,0,0,0,0,0,0,0,0,0,0,0,0,0,0,0,0,0,0,100,0,0,0,0,0,0,0,0,0,0,0,0,0,0,0,0,0,0
2014,7,7,1,0,1,48,48,4,0,0,25,75,0,0,0,0,0,0,0,0,0,0,0,0,0,0,0,0,0,0,0,25,75,0,0,0,0,0,0,0,0,0,0,0,0,0,0,0,0,0
2014,7,7,1,0,1,50,50,6,0,0,0,100,0,0,0,0,0,0,0,0,0,0,0,0,0,0,0,0,0,0,0,0,100,0,0,0,0,0,0,0,0,0,0,0,0,0,0,0,0,0
2014,7,7,1,0,1,52,52,5,0,0,40,40,20,0,0,0,0,0,0,0,0,0,0,0,0,0,0,0,0,0,0,40,40,20,0,0,0,0,0,0,0,0,0,0,0,0,0,0,0,0
2014,7,7,1,0,1,54,54,2,0,0,0,100,0,0,0,0,0,0,0,0,0,0,0,0,0,0,0,0,0,0,0,0,100,0,0,0,0,0,0,0,0,0,0,0,0,0,0,0,0,0
2014,7,7,1,0,1,56,56,3,0,0,0,100,0,0,0,0,0,0,0,0,0,0,0,0,0,0,0,0,0,0,0,0,100,0,0,0,0,0,0,0,0,0,0,0,0,0,0,0,0,0
2014,7,7,1,0,1,58,58,5,0,0,0,20,80,0,0,0,0,0,0,0,0,0,0,0,0,0,0,0,0,0,0,0,20,80,0,0,0,0,0,0,0,0,0,0,0,0,0,0,0,0
2014,7,7,1,0,1,60,60,4,0,0,0,50,50,0,0,0,0,0,0,0,0,0,0,0,0,0,0,0,0,0,0,0,50,50,0,0,0,0,0,0,0,0,0,0,0,0,0,0,0,0
2014,7,7,1,0,1,62,62,4,0,0,0,50,25,0,25,0,0,0,0,0,0,0,0,0,0,0,0,0,0,0,0,0,50,25,0,25,0,0,0,0,0,0,0,0,0,0,0,0,0,0
2014,7,7,1,0,1,64,64,3,0,0,0,0,66.6666666666667,33.3333333333333,0,0,0,0,0,0,0,0,0,0,0,0,0,0,0,0,0,0,0,66.6666666666667,33.3333333333333,0,0,0,0,0,0,0,0,0,0,0,0,0,0,0
2014,7,7,1,0,1,66,66,1,0,0,0,0,100,0,0,0,0,0,0,0,0,0,0,0,0,0,0,0,0,0,0,0,0,100,0,0,0,0,0,0,0,0,0,0,0,0,0,0,0,0
2014,7,7,1,0,1,68,68,3,0,0,0,0,66.6666666666667,33.3333333333333,0,0,0,0,0,0,0,0,0,0,0,0,0,0,0,0,0,0,0,66.6666666666667,33.3333333333333,0,0,0,0,0,0,0,0,0,0,0,0,0,0,0
2014,7,7,1,0,1,70,70,1,0,0,0,0,100,0,0,0,0,0,0,0,0,0,0,0,0,0,0,0,0,0,0,0,0,100,0,0,0,0,0,0,0,0,0,0,0,0,0,0,0,0
2014,7,7,1,0,1,72,72,2,0,0,0,0,50,50,0,0,0,0,0,0,0,0,0,0,0,0,0,0,0,0,0,0,0,50,50,0,0,0,0,0,0,0,0,0,0,0,0,0,0,0
2014,7,7,1,0,1,76,76,1,0,0,0,0,0,100,0,0,0,0,0,0,0,0,0,0,0,0,0,0,0,0,0,0,0,0,100,0,0,0,0,0,0,0,0,0,0,0,0,0,0,0
2014,7,7,1,0,1,80,80,1,0,0,0,0,0,0,0,0,0,100,0,0,0,0,0,0,0,0,0,0,0,0,0,0,0,0,0,0,0,0,100,0,0,0,0,0,0,0,0,0,0,0
2014,7,7,1,0,1,90,90,1,0,0,0,0,0,0,0,0,100,0,0,0,0,0,0,0,0,0,0,0,0,0,0,0,0,0,0,0,0,100,0,0,0,0,0,0,0,0,0,0,0,0
2014,7,7,1,0,1,98,98,1,0,0,0,0,0,0,0,0,0,0,0,0,100,0,0,0,0,0,0,0,0,0,0,0,0,0,0,0,0,0,0,0,0,100,0,0,0,0,0,0,0,0
2015,7,7,1,0,1,16,16,2,100,0,0,0,0,0,0,0,0,0,0,0,0,0,0,0,0,0,0,0,0,100,0,0,0,0,0,0,0,0,0,0,0,0,0,0,0,0,0,0,0,0
2015,7,7,1,0,1,18,18,2,100,0,0,0,0,0,0,0,0,0,0,0,0,0,0,0,0,0,0,0,0,100,0,0,0,0,0,0,0,0,0,0,0,0,0,0,0,0,0,0,0,0
2015,7,7,1,0,1,20,20,4,100,0,0,0,0,0,0,0,0,0,0,0,0,0,0,0,0,0,0,0,0,100,0,0,0,0,0,0,0,0,0,0,0,0,0,0,0,0,0,0,0,0
2015,7,7,1,0,1,22,22,3,33.3333333333333,66.6666666666667,0,0,0,0,0,0,0,0,0,0,0,0,0,0,0,0,0,0,0,33.3333333333333,66.6666666666667,0,0,0,0,0,0,0,0,0,0,0,0,0,0,0,0,0,0,0
2015,7,7,1,0,1,24,24,5,0,100,0,0,0,0,0,0,0,0,0,0,0,0,0,0,0,0,0,0,0,0,100,0,0,0,0,0,0,0,0,0,0,0,0,0,0,0,0,0,0,0
2015,7,7,1,0,1,26,26,13,15.3846153846154,84.6153846153846,0,0,0,0,0,0,0,0,0,0,0,0,0,0,0,0,0,0,0,15.3846153846154,84.6153846153846,0,0,0,0,0,0,0,0,0,0,0,0,0,0,0,0,0,0,0
2015,7,7,1,0,1,28,28,10,0,100,0,0,0,0,0,0,0,0,0,0,0,0,0,0,0,0,0,0,0,0,100,0,0,0,0,0,0,0,0,0,0,0,0,0,0,0,0,0,0,0
2015,7,7,1,0,1,30,30,6,0,100,0,0,0,0,0,0,0,0,0,0,0,0,0,0,0,0,0,0,0,0,100,0,0,0,0,0,0,0,0,0,0,0,0,0,0,0,0,0,0,0
2015,7,7,1,0,1,32,32,2,0,100,0,0,0,0,0,0,0,0,0,0,0,0,0,0,0,0,0,0,0,0,100,0,0,0,0,0,0,0,0,0,0,0,0,0,0,0,0,0,0,0
2015,7,7,1,0,1,34,34,5,0,100,0,0,0,0,0,0,0,0,0,0,0,0,0,0,0,0,0,0,0,0,100,0,0,0,0,0,0,0,0,0,0,0,0,0,0,0,0,0,0,0
2015,7,7,1,0,1,36,36,2,0,50,50,0,0,0,0,0,0,0,0,0,0,0,0,0,0,0,0,0,0,0,50,50,0,0,0,0,0,0,0,0,0,0,0,0,0,0,0,0,0,0
2015,7,7,1,0,1,38,38,2,0,0,100,0,0,0,0,0,0,0,0,0,0,0,0,0,0,0,0,0,0,0,0,100,0,0,0,0,0,0,0,0,0,0,0,0,0,0,0,0,0,0
2015,7,7,1,0,1,40,40,6,0,0,100,0,0,0,0,0,0,0,0,0,0,0,0,0,0,0,0,0,0,0,0,100,0,0,0,0,0,0,0,0,0,0,0,0,0,0,0,0,0,0
2015,7,7,1,0,1,42,42,6,0,16.6666666666667,83.3333333333333,0,0,0,0,0,0,0,0,0,0,0,0,0,0,0,0,0,0,0,16.6666666666667,83.3333333333333,0,0,0,0,0,0,0,0,0,0,0,0,0,0,0,0,0,0
2015,7,7,1,0,1,44,44,2,0,0,100,0,0,0,0,0,0,0,0,0,0,0,0,0,0,0,0,0,0,0,0,100,0,0,0,0,0,0,0,0,0,0,0,0,0,0,0,0,0,0
2015,7,7,1,0,1,46,46,3,0,0,100,0,0,0,0,0,0,0,0,0,0,0,0,0,0,0,0,0,0,0,0,100,0,0,0,0,0,0,0,0,0,0,0,0,0,0,0,0,0,0
2015,7,7,1,0,1,48,48,3,0,0,66.6666666666667,33.3333333333333,0,0,0,0,0,0,0,0,0,0,0,0,0,0,0,0,0,0,0,66.6666666666667,33.3333333333333,0,0,0,0,0,0,0,0,0,0,0,0,0,0,0,0,0
2015,7,7,1,0,1,50,50,2,0,0,50,50,0,0,0,0,0,0,0,0,0,0,0,0,0,0,0,0,0,0,0,50,50,0,0,0,0,0,0,0,0,0,0,0,0,0,0,0,0,0
2015,7,7,1,0,1,52,52,5,0,0,40,40,20,0,0,0,0,0,0,0,0,0,0,0,0,0,0,0,0,0,0,40,40,20,0,0,0,0,0,0,0,0,0,0,0,0,0,0,0,0
2015,7,7,1,0,1,54,54,4,0,0,0,100,0,0,0,0,0,0,0,0,0,0,0,0,0,0,0,0,0,0,0,0,100,0,0,0,0,0,0,0,0,0,0,0,0,0,0,0,0,0
2015,7,7,1,0,1,56,56,2,0,0,0,100,0,0,0,0,0,0,0,0,0,0,0,0,0,0,0,0,0,0,0,0,100,0,0,0,0,0,0,0,0,0,0,0,0,0,0,0,0,0
2015,7,7,1,0,1,58,58,5,0,0,20,80,0,0,0,0,0,0,0,0,0,0,0,0,0,0,0,0,0,0,0,20,80,0,0,0,0,0,0,0,0,0,0,0,0,0,0,0,0,0
2015,7,7,1,0,1,60,60,3,0,0,33.3333333333333,33.3333333333333,33.3333333333333,0,0,0,0,0,0,0,0,0,0,0,0,0,0,0,0,0,0,33.3333333333333,33.3333333333333,33.3333333333333,0,0,0,0,0,0,0,0,0,0,0,0,0,0,0,0
2015,7,7,1,0,1,62,62,2,0,0,0,0,50,50,0,0,0,0,0,0,0,0,0,0,0,0,0,0,0,0,0,0,0,50,50,0,0,0,0,0,0,0,0,0,0,0,0,0,0,0
2015,7,7,1,0,1,64,64,4,0,0,0,50,50,0,0,0,0,0,0,0,0,0,0,0,0,0,0,0,0,0,0,0,50,50,0,0,0,0,0,0,0,0,0,0,0,0,0,0,0,0
2015,7,7,1,0,1,66,66,2,0,0,0,50,50,0,0,0,0,0,0,0,0,0,0,0,0,0,0,0,0,0,0,0,50,50,0,0,0,0,0,0,0,0,0,0,0,0,0,0,0,0
2015,7,7,1,0,1,68,68,2,0,0,0,0,100,0,0,0,0,0,0,0,0,0,0,0,0,0,0,0,0,0,0,0,0,100,0,0,0,0,0,0,0,0,0,0,0,0,0,0,0,0
2015,7,7,1,0,1,70,70,2,0,0,0,0,50,0,50,0,0,0,0,0,0,0,0,0,0,0,0,0,0,0,0,0,0,50,0,50,0,0,0,0,0,0,0,0,0,0,0,0,0,0
2015,7,7,1,0,1,72,72,1,0,0,0,0,100,0,0,0,0,0,0,0,0,0,0,0,0,0,0,0,0,0,0,0,0,100,0,0,0,0,0,0,0,0,0,0,0,0,0,0,0,0
2015,7,7,1,0,1,74,74,2,0,0,0,0,0,50,50,0,0,0,0,0,0,0,0,0,0,0,0,0,0,0,0,0,0,0,50,50,0,0,0,0,0,0,0,0,0,0,0,0,0,0
2015,7,7,1,0,1,76,76,2,0,0,0,0,0,0,100,0,0,0,0,0,0,0,0,0,0,0,0,0,0,0,0,0,0,0,0,100,0,0,0,0,0,0,0,0,0,0,0,0,0,0
2015,7,7,1,0,1,78,78,2,0,0,0,0,0,50,50,0,0,0,0,0,0,0,0,0,0,0,0,0,0,0,0,0,0,0,50,50,0,0,0,0,0,0,0,0,0,0,0,0,0,0
2015,7,7,1,0,1,82,82,1,0,0,0,0,0,100,0,0,0,0,0,0,0,0,0,0,0,0,0,0,0,0,0,0,0,0,100,0,0,0,0,0,0,0,0,0,0,0,0,0,0,0
2016,7,7,1,0,1,16,16,1,100,0,0,0,0,0,0,0,0,0,0,0,0,0,0,0,0,0,0,0,0,100,0,0,0,0,0,0,0,0,0,0,0,0,0,0,0,0,0,0,0,0
2016,7,7,1,0,1,18,18,1,100,0,0,0,0,0,0,0,0,0,0,0,0,0,0,0,0,0,0,0,0,100,0,0,0,0,0,0,0,0,0,0,0,0,0,0,0,0,0,0,0,0
2016,7,7,1,0,1,20,20,3,100,0,0,0,0,0,0,0,0,0,0,0,0,0,0,0,0,0,0,0,0,100,0,0,0,0,0,0,0,0,0,0,0,0,0,0,0,0,0,0,0,0
2016,7,7,1,0,1,22,22,2,0,100,0,0,0,0,0,0,0,0,0,0,0,0,0,0,0,0,0,0,0,0,100,0,0,0,0,0,0,0,0,0,0,0,0,0,0,0,0,0,0,0
2016,7,7,1,0,1,24,24,4,0,100,0,0,0,0,0,0,0,0,0,0,0,0,0,0,0,0,0,0,0,0,100,0,0,0,0,0,0,0,0,0,0,0,0,0,0,0,0,0,0,0
2016,7,7,1,0,1,26,26,3,0,100,0,0,0,0,0,0,0,0,0,0,0,0,0,0,0,0,0,0,0,0,100,0,0,0,0,0,0,0,0,0,0,0,0,0,0,0,0,0,0,0
2016,7,7,1,0,1,28,28,5,0,100,0,0,0,0,0,0,0,0,0,0,0,0,0,0,0,0,0,0,0,0,100,0,0,0,0,0,0,0,0,0,0,0,0,0,0,0,0,0,0,0
2016,7,7,1,0,1,30,30,2,0,100,0,0,0,0,0,0,0,0,0,0,0,0,0,0,0,0,0,0,0,0,100,0,0,0,0,0,0,0,0,0,0,0,0,0,0,0,0,0,0,0
2016,7,7,1,0,1,32,32,3,0,100,0,0,0,0,0,0,0,0,0,0,0,0,0,0,0,0,0,0,0,0,100,0,0,0,0,0,0,0,0,0,0,0,0,0,0,0,0,0,0,0
2016,7,7,1,0,1,36,36,2,0,50,50,0,0,0,0,0,0,0,0,0,0,0,0,0,0,0,0,0,0,0,50,50,0,0,0,0,0,0,0,0,0,0,0,0,0,0,0,0,0,0
2016,7,7,1,0,1,38,38,1,0,0,100,0,0,0,0,0,0,0,0,0,0,0,0,0,0,0,0,0,0,0,0,100,0,0,0,0,0,0,0,0,0,0,0,0,0,0,0,0,0,0
2016,7,7,1,0,1,40,40,7,0,0,85.7142857142857,14.2857142857143,0,0,0,0,0,0,0,0,0,0,0,0,0,0,0,0,0,0,0,85.7142857142857,14.2857142857143,0,0,0,0,0,0,0,0,0,0,0,0,0,0,0,0,0
2016,7,7,1,0,1,42,42,5,0,0,80,20,0,0,0,0,0,0,0,0,0,0,0,0,0,0,0,0,0,0,0,80,20,0,0,0,0,0,0,0,0,0,0,0,0,0,0,0,0,0
2016,7,7,1,0,1,44,44,1,0,0,100,0,0,0,0,0,0,0,0,0,0,0,0,0,0,0,0,0,0,0,0,100,0,0,0,0,0,0,0,0,0,0,0,0,0,0,0,0,0,0
2016,7,7,1,0,1,46,46,2,0,0,50,0,50,0,0,0,0,0,0,0,0,0,0,0,0,0,0,0,0,0,0,50,0,50,0,0,0,0,0,0,0,0,0,0,0,0,0,0,0,0
2016,7,7,1,0,1,48,48,3,0,0,0,100,0,0,0,0,0,0,0,0,0,0,0,0,0,0,0,0,0,0,0,0,100,0,0,0,0,0,0,0,0,0,0,0,0,0,0,0,0,0
2016,7,7,1,0,1,50,50,3,0,0,0,66.6666666666667,33.3333333333333,0,0,0,0,0,0,0,0,0,0,0,0,0,0,0,0,0,0,0,66.6666666666667,33.3333333333333,0,0,0,0,0,0,0,0,0,0,0,0,0,0,0,0
2016,7,7,1,0,1,52,52,8,0,0,0,87.5,12.5,0,0,0,0,0,0,0,0,0,0,0,0,0,0,0,0,0,0,0,87.5,12.5,0,0,0,0,0,0,0,0,0,0,0,0,0,0,0,0
2016,7,7,1,0,1,54,54,5,0,0,0,60,40,0,0,0,0,0,0,0,0,0,0,0,0,0,0,0,0,0,0,0,60,40,0,0,0,0,0,0,0,0,0,0,0,0,0,0,0,0
2016,7,7,1,0,1,56,56,4,0,0,0,25,75,0,0,0,0,0,0,0,0,0,0,0,0,0,0,0,0,0,0,0,25,75,0,0,0,0,0,0,0,0,0,0,0,0,0,0,0,0
2016,7,7,1,0,1,58,58,2,0,0,0,50,50,0,0,0,0,0,0,0,0,0,0,0,0,0,0,0,0,0,0,0,50,50,0,0,0,0,0,0,0,0,0,0,0,0,0,0,0,0
2016,7,7,1,0,1,60,60,2,0,0,0,50,0,50,0,0,0,0,0,0,0,0,0,0,0,0,0,0,0,0,0,0,50,0,50,0,0,0,0,0,0,0,0,0,0,0,0,0,0,0
2016,7,7,1,0,1,62,62,1,0,0,0,0,100,0,0,0,0,0,0,0,0,0,0,0,0,0,0,0,0,0,0,0,0,100,0,0,0,0,0,0,0,0,0,0,0,0,0,0,0,0
2016,7,7,1,0,1,64,64,3,0,0,0,0,33.3333333333333,0,66.6666666666667,0,0,0,0,0,0,0,0,0,0,0,0,0,0,0,0,0,0,33.3333333333333,0,66.6666666666667,0,0,0,0,0,0,0,0,0,0,0,0,0,0
2016,7,7,1,0,1,68,68,5,0,0,0,0,20,20,60,0,0,0,0,0,0,0,0,0,0,0,0,0,0,0,0,0,0,20,20,60,0,0,0,0,0,0,0,0,0,0,0,0,0,0
2016,7,7,1,0,1,70,70,3,0,0,0,0,0,66.6666666666667,0,33.3333333333333,0,0,0,0,0,0,0,0,0,0,0,0,0,0,0,0,0,0,66.6666666666667,0,33.3333333333333,0,0,0,0,0,0,0,0,0,0,0,0,0
2016,7,7,1,0,1,72,72,2,0,0,0,0,0,0,50,0,50,0,0,0,0,0,0,0,0,0,0,0,0,0,0,0,0,0,0,50,0,50,0,0,0,0,0,0,0,0,0,0,0,0
2016,7,7,1,0,1,74,74,2,0,0,0,0,0,50,0,50,0,0,0,0,0,0,0,0,0,0,0,0,0,0,0,0,0,0,50,0,50,0,0,0,0,0,0,0,0,0,0,0,0,0
2016,7,7,1,0,1,76,76,1,0,0,0,0,0,0,0,0,0,0,0,100,0,0,0,0,0,0,0,0,0,0,0,0,0,0,0,0,0,0,0,0,100,0,0,0,0,0,0,0,0,0
2016,7,7,1,0,1,84,84,1,0,0,0,0,0,0,0,0,0,0,0,0,0,0,100,0,0,0,0,0,0,0,0,0,0,0,0,0,0,0,0,0,0,0,0,100,0,0,0,0,0,0
2016,7,7,1,0,1,94,94,1,0,0,0,0,0,0,0,0,0,0,0,0,0,0,0,100,0,0,0,0,0,0,0,0,0,0,0,0,0,0,0,0,0,0,0,0,100,0,0,0,0,0
2017,7,7,1,0,1,20,20,1,100,0,0,0,0,0,0,0,0,0,0,0,0,0,0,0,0,0,0,0,0,100,0,0,0,0,0,0,0,0,0,0,0,0,0,0,0,0,0,0,0,0
2017,7,7,1,0,1,22,22,2,50,50,0,0,0,0,0,0,0,0,0,0,0,0,0,0,0,0,0,0,0,50,50,0,0,0,0,0,0,0,0,0,0,0,0,0,0,0,0,0,0,0
2017,7,7,1,0,1,24,24,1,0,100,0,0,0,0,0,0,0,0,0,0,0,0,0,0,0,0,0,0,0,0,100,0,0,0,0,0,0,0,0,0,0,0,0,0,0,0,0,0,0,0
2017,7,7,1,0,1,26,26,1,0,100,0,0,0,0,0,0,0,0,0,0,0,0,0,0,0,0,0,0,0,0,100,0,0,0,0,0,0,0,0,0,0,0,0,0,0,0,0,0,0,0
2017,7,7,1,0,1,28,28,10,0,100,0,0,0,0,0,0,0,0,0,0,0,0,0,0,0,0,0,0,0,0,100,0,0,0,0,0,0,0,0,0,0,0,0,0,0,0,0,0,0,0
2017,7,7,1,0,1,30,30,13,0,92.3076923076923,7.69230769230769,0,0,0,0,0,0,0,0,0,0,0,0,0,0,0,0,0,0,0,92.3076923076923,7.69230769230769,0,0,0,0,0,0,0,0,0,0,0,0,0,0,0,0,0,0
2017,7,7,1,0,1,32,32,11,0,100,0,0,0,0,0,0,0,0,0,0,0,0,0,0,0,0,0,0,0,0,100,0,0,0,0,0,0,0,0,0,0,0,0,0,0,0,0,0,0,0
2017,7,7,1,0,1,34,34,13,0,76.9230769230769,23.0769230769231,0,0,0,0,0,0,0,0,0,0,0,0,0,0,0,0,0,0,0,76.9230769230769,23.0769230769231,0,0,0,0,0,0,0,0,0,0,0,0,0,0,0,0,0,0
2017,7,7,1,0,1,36,36,10,0,40,60,0,0,0,0,0,0,0,0,0,0,0,0,0,0,0,0,0,0,0,40,60,0,0,0,0,0,0,0,0,0,0,0,0,0,0,0,0,0,0
2017,7,7,1,0,1,38,38,3,0,33.3333333333333,66.6666666666667,0,0,0,0,0,0,0,0,0,0,0,0,0,0,0,0,0,0,0,33.3333333333333,66.6666666666667,0,0,0,0,0,0,0,0,0,0,0,0,0,0,0,0,0,0
2017,7,7,1,0,1,40,40,1,0,0,100,0,0,0,0,0,0,0,0,0,0,0,0,0,0,0,0,0,0,0,0,100,0,0,0,0,0,0,0,0,0,0,0,0,0,0,0,0,0,0
2017,7,7,1,0,1,42,42,4,0,0,75,25,0,0,0,0,0,0,0,0,0,0,0,0,0,0,0,0,0,0,0,75,25,0,0,0,0,0,0,0,0,0,0,0,0,0,0,0,0,0
2017,7,7,1,0,1,44,44,3,0,0,100,0,0,0,0,0,0,0,0,0,0,0,0,0,0,0,0,0,0,0,0,100,0,0,0,0,0,0,0,0,0,0,0,0,0,0,0,0,0,0
2017,7,7,1,0,1,46,46,4,0,0,50,50,0,0,0,0,0,0,0,0,0,0,0,0,0,0,0,0,0,0,0,50,50,0,0,0,0,0,0,0,0,0,0,0,0,0,0,0,0,0
2017,7,7,1,0,1,48,48,3,0,0,0,100,0,0,0,0,0,0,0,0,0,0,0,0,0,0,0,0,0,0,0,0,100,0,0,0,0,0,0,0,0,0,0,0,0,0,0,0,0,0
2017,7,7,1,0,1,50,50,3,0,0,0,66.6666666666667,33.3333333333333,0,0,0,0,0,0,0,0,0,0,0,0,0,0,0,0,0,0,0,66.6666666666667,33.3333333333333,0,0,0,0,0,0,0,0,0,0,0,0,0,0,0,0
2017,7,7,1,0,1,52,52,3,0,0,0,66.6666666666667,33.3333333333333,0,0,0,0,0,0,0,0,0,0,0,0,0,0,0,0,0,0,0,66.6666666666667,33.3333333333333,0,0,0,0,0,0,0,0,0,0,0,0,0,0,0,0
2017,7,7,1,0,1,54,54,1,0,0,0,100,0,0,0,0,0,0,0,0,0,0,0,0,0,0,0,0,0,0,0,0,100,0,0,0,0,0,0,0,0,0,0,0,0,0,0,0,0,0
2017,7,7,1,0,1,56,56,5,0,0,0,0,60,40,0,0,0,0,0,0,0,0,0,0,0,0,0,0,0,0,0,0,0,60,40,0,0,0,0,0,0,0,0,0,0,0,0,0,0,0
2017,7,7,1,0,1,58,58,9,0,0,0,11.1111111111111,77.7777777777778,11.1111111111111,0,0,0,0,0,0,0,0,0,0,0,0,0,0,0,0,0,0,11.1111111111111,77.7777777777778,11.1111111111111,0,0,0,0,0,0,0,0,0,0,0,0,0,0,0
2017,7,7,1,0,1,60,60,8,0,0,0,12.5,50,25,12.5,0,0,0,0,0,0,0,0,0,0,0,0,0,0,0,0,0,12.5,50,25,12.5,0,0,0,0,0,0,0,0,0,0,0,0,0,0
2017,7,7,1,0,1,62,62,8,0,0,0,0,62.5,37.5,0,0,0,0,0,0,0,0,0,0,0,0,0,0,0,0,0,0,0,62.5,37.5,0,0,0,0,0,0,0,0,0,0,0,0,0,0,0
2017,7,7,1,0,1,64,64,7,0,0,0,0,14.2857142857143,57.1428571428571,14.2857142857143,14.2857142857143,0,0,0,0,0,0,0,0,0,0,0,0,0,0,0,0,0,14.2857142857143,57.1428571428571,14.2857142857143,14.2857142857143,0,0,0,0,0,0,0,0,0,0,0,0,0
2017,7,7,1,0,1,66,66,6,0,0,0,0,50,16.6666666666667,16.6666666666667,16.6666666666667,0,0,0,0,0,0,0,0,0,0,0,0,0,0,0,0,0,50,16.6666666666667,16.6666666666667,16.6666666666667,0,0,0,0,0,0,0,0,0,0,0,0,0
2017,7,7,1,0,1,68,68,4,0,0,0,0,25,25,25,25,0,0,0,0,0,0,0,0,0,0,0,0,0,0,0,0,0,25,25,25,25,0,0,0,0,0,0,0,0,0,0,0,0,0
2017,7,7,1,0,1,70,70,1,0,0,0,0,0,100,0,0,0,0,0,0,0,0,0,0,0,0,0,0,0,0,0,0,0,0,100,0,0,0,0,0,0,0,0,0,0,0,0,0,0,0
2017,7,7,1,0,1,72,72,3,0,0,0,0,0,33.3333333333333,66.6666666666667,0,0,0,0,0,0,0,0,0,0,0,0,0,0,0,0,0,0,0,33.3333333333333,66.6666666666667,0,0,0,0,0,0,0,0,0,0,0,0,0,0
2017,7,7,1,0,1,74,74,6,0,0,0,0,0,16.6666666666667,33.3333333333333,16.6666666666667,33.3333333333333,0,0,0,0,0,0,0,0,0,0,0,0,0,0,0,0,0,16.6666666666667,33.3333333333333,16.6666666666667,33.3333333333333,0,0,0,0,0,0,0,0,0,0,0,0
2017,7,7,1,0,1,76,76,3,0,0,0,0,0,0,66.6666666666667,0,33.3333333333333,0,0,0,0,0,0,0,0,0,0,0,0,0,0,0,0,0,0,66.6666666666667,0,33.3333333333333,0,0,0,0,0,0,0,0,0,0,0,0
2017,7,7,1,0,1,78,78,3,0,0,0,0,0,0,33.3333333333333,33.3333333333333,33.3333333333333,0,0,0,0,0,0,0,0,0,0,0,0,0,0,0,0,0,0,33.3333333333333,33.3333333333333,33.3333333333333,0,0,0,0,0,0,0,0,0,0,0,0
2017,7,7,1,0,1,82,82,1,0,0,0,0,0,0,100,0,0,0,0,0,0,0,0,0,0,0,0,0,0,0,0,0,0,0,0,100,0,0,0,0,0,0,0,0,0,0,0,0,0,0
2017,7,7,1,0,1,86,86,2,0,0,0,0,0,0,0,0,100,0,0,0,0,0,0,0,0,0,0,0,0,0,0,0,0,0,0,0,0,100,0,0,0,0,0,0,0,0,0,0,0,0
2017,7,7,1,0,1,90,90,1,0,0,0,0,0,0,0,0,0,100,0,0,0,0,0,0,0,0,0,0,0,0,0,0,0,0,0,0,0,0,100,0,0,0,0,0,0,0,0,0,0,0
2017,7,7,1,0,1,98,98,1,0,0,0,0,100,0,0,0,0,0,0,0,0,0,0,0,0,0,0,0,0,0,0,0,0,100,0,0,0,0,0,0,0,0,0,0,0,0,0,0,0,0
2018,7,7,1,0,1,106,106,3,0,0,0,0,0,0,0,0,0,0,0,0,100,0,0,0,0,0,0,0,0,0,0,0,0,0,0,0,0,0,0,0,0,100,0,0,0,0,0,0,0,0
2018,7,7,1,0,1,24,24,5,0,100,0,0,0,0,0,0,0,0,0,0,0,0,0,0,0,0,0,0,0,0,100,0,0,0,0,0,0,0,0,0,0,0,0,0,0,0,0,0,0,0
2018,7,7,1,0,1,26,26,10,0,100,0,0,0,0,0,0,0,0,0,0,0,0,0,0,0,0,0,0,0,0,100,0,0,0,0,0,0,0,0,0,0,0,0,0,0,0,0,0,0,0
2018,7,7,1,0,1,28,28,9,0,100,0,0,0,0,0,0,0,0,0,0,0,0,0,0,0,0,0,0,0,0,100,0,0,0,0,0,0,0,0,0,0,0,0,0,0,0,0,0,0,0
2018,7,7,1,0,1,30,30,11,0,100,0,0,0,0,0,0,0,0,0,0,0,0,0,0,0,0,0,0,0,0,100,0,0,0,0,0,0,0,0,0,0,0,0,0,0,0,0,0,0,0
2018,7,7,1,0,1,32,32,9,0,100,0,0,0,0,0,0,0,0,0,0,0,0,0,0,0,0,0,0,0,0,100,0,0,0,0,0,0,0,0,0,0,0,0,0,0,0,0,0,0,0
2018,7,7,1,0,1,34,34,5,0,77.7777777777778,22.2222222222222,0,0,0,0,0,0,0,0,0,0,0,0,0,0,0,0,0,0,0,77.7777777777778,22.2222222222222,0,0,0,0,0,0,0,0,0,0,0,0,0,0,0,0,0,0
2018,7,7,1,0,1,36,36,3,0,80,20,0,0,0,0,0,0,0,0,0,0,0,0,0,0,0,0,0,0,0,80,20,0,0,0,0,0,0,0,0,0,0,0,0,0,0,0,0,0,0
2018,7,7,1,0,1,38,38,7,0,0,100,0,0,0,0,0,0,0,0,0,0,0,0,0,0,0,0,0,0,0,0,100,0,0,0,0,0,0,0,0,0,0,0,0,0,0,0,0,0,0
2018,7,7,1,0,1,40,40,7,0,0,100,0,0,0,0,0,0,0,0,0,0,0,0,0,0,0,0,0,0,0,0,100,0,0,0,0,0,0,0,0,0,0,0,0,0,0,0,0,0,0
2018,7,7,1,0,1,42,42,2,0,14.2857142857143,85.7142857142857,0,0,0,0,0,0,0,0,0,0,0,0,0,0,0,0,0,0,0,14.2857142857143,85.7142857142857,0,0,0,0,0,0,0,0,0,0,0,0,0,0,0,0,0,0
2018,7,7,1,0,1,44,44,6,0,0,50,50,0,0,0,0,0,0,0,0,0,0,0,0,0,0,0,0,0,0,0,50,50,0,0,0,0,0,0,0,0,0,0,0,0,0,0,0,0,0
2018,7,7,1,0,1,46,46,7,0,0,66.6666666666667,16.6666666666667,16.6666666666667,0,0,0,0,0,0,0,0,0,0,0,0,0,0,0,0,0,0,66.6666666666667,16.6666666666667,16.6666666666667,0,0,0,0,0,0,0,0,0,0,0,0,0,0,0,0
2018,7,7,1,0,1,48,48,3,0,0,0,100,0,0,0,0,0,0,0,0,0,0,0,0,0,0,0,0,0,0,0,0,100,0,0,0,0,0,0,0,0,0,0,0,0,0,0,0,0,0
2018,7,7,1,0,1,50,50,1,0,0,0,100,0,0,0,0,0,0,0,0,0,0,0,0,0,0,0,0,0,0,0,0,100,0,0,0,0,0,0,0,0,0,0,0,0,0,0,0,0,0
2018,7,7,1,0,1,52,52,4,0,0,0,100,0,0,0,0,0,0,0,0,0,0,0,0,0,0,0,0,0,0,0,0,100,0,0,0,0,0,0,0,0,0,0,0,0,0,0,0,0,0
2018,7,7,1,0,1,54,54,7,0,0,0,75,25,0,0,0,0,0,0,0,0,0,0,0,0,0,0,0,0,0,0,0,75,25,0,0,0,0,0,0,0,0,0,0,0,0,0,0,0,0
2018,7,7,1,0,1,56,56,14,0,0,0,14.2857142857143,14.2857142857143,57.1428571428571,14.2857142857143,0,0,0,0,0,0,0,0,0,0,0,0,0,0,0,0,0,14.2857142857143,14.2857142857143,57.1428571428571,14.2857142857143,0,0,0,0,0,0,0,0,0,0,0,0,0,0
2018,7,7,1,0,1,58,58,4,0,0,0,28.5714285714286,21.4285714285714,42.8571428571429,7.14285714285714,0,0,0,0,0,0,0,0,0,0,0,0,0,0,0,0,0,28.5714285714286,21.4285714285714,42.8571428571429,7.14285714285714,0,0,0,0,0,0,0,0,0,0,0,0,0,0
2018,7,7,1,0,1,60,60,9,0,0,0,0,25,75,0,0,0,0,0,0,0,0,0,0,0,0,0,0,0,0,0,0,0,25,75,0,0,0,0,0,0,0,0,0,0,0,0,0,0,0
2018,7,7,1,0,1,62,62,9,0,0,0,0,33.3333333333333,55.5555555555556,11.1111111111111,0,0,0,0,0,0,0,0,0,0,0,0,0,0,0,0,0,0,33.3333333333333,55.5555555555556,11.1111111111111,0,0,0,0,0,0,0,0,0,0,0,0,0,0
2018,7,7,1,0,1,64,64,17,0,0,0,0,33.3333333333333,55.5555555555556,0,0,11.1111111111111,0,0,0,0,0,0,0,0,0,0,0,0,0,0,0,0,33.3333333333333,55.5555555555556,0,0,11.1111111111111,0,0,0,0,0,0,0,0,0,0,0,0
2018,7,7,1,0,1,66,66,8,0,0,0,0,23.5294117647059,41.1764705882353,29.4117647058824,5.88235294117647,0,0,0,0,0,0,0,0,0,0,0,0,0,0,0,0,0,23.5294117647059,41.1764705882353,29.4117647058824,5.88235294117647,0,0,0,0,0,0,0,0,0,0,0,0,0
2018,7,7,1,0,1,68,68,9,0,0,0,0,12.5,0,62.5,12.5,0,12.5,0,0,0,0,0,0,0,0,0,0,0,0,0,0,0,12.5,0,62.5,12.5,0,12.5,0,0,0,0,0,0,0,0,0,0,0
2018,7,7,1,0,1,70,70,6,0,0,0,0,11.1111111111111,33.3333333333333,33.3333333333333,11.1111111111111,11.1111111111111,0,0,0,0,0,0,0,0,0,0,0,0,0,0,0,0,11.1111111111111,33.3333333333333,33.3333333333333,11.1111111111111,11.1111111111111,0,0,0,0,0,0,0,0,0,0,0,0
2018,7,7,1,0,1,72,72,5,0,0,0,0,0,16.6666666666667,66.6666666666667,16.6666666666667,0,0,0,0,0,0,0,0,0,0,0,0,0,0,0,0,0,0,16.6666666666667,66.6666666666667,16.6666666666667,0,0,0,0,0,0,0,0,0,0,0,0,0
2018,7,7,1,0,1,74,74,4,0,0,0,0,0,20,20,20,40,0,0,0,0,0,0,0,0,0,0,0,0,0,0,0,0,0,20,20,20,40,0,0,0,0,0,0,0,0,0,0,0,0
2018,7,7,1,0,1,76,76,2,0,0,0,0,0,0,0,25,50,25,0,0,0,0,0,0,0,0,0,0,0,0,0,0,0,0,0,0,25,50,25,0,0,0,0,0,0,0,0,0,0,0
2018,7,7,1,0,1,78,78,3,0,0,0,0,0,0,50,50,0,0,0,0,0,0,0,0,0,0,0,0,0,0,0,0,0,0,0,50,50,0,0,0,0,0,0,0,0,0,0,0,0,0
2018,7,7,1,0,1,80,80,3,0,0,0,0,0,0,0,100,0,0,0,0,0,0,0,0,0,0,0,0,0,0,0,0,0,0,0,0,100,0,0,0,0,0,0,0,0,0,0,0,0,0
2018,7,7,1,0,1,82,82,1,0,0,0,0,0,0,0,33.3333333333333,33.3333333333333,33.3333333333333,0,0,0,0,0,0,0,0,0,0,0,0,0,0,0,0,0,0,33.3333333333333,33.3333333333333,33.3333333333333,0,0,0,0,0,0,0,0,0,0,0
2018,7,7,1,0,1,86,86,3,0,0,0,0,0,0,0,0,100,0,0,0,0,0,0,0,0,0,0,0,0,0,0,0,0,0,0,0,0,100,0,0,0,0,0,0,0,0,0,0,0,0
2018,7,7,1,0,1,88,88,1,0,0,0,0,0,0,0,0,100,0,0,0,0,0,0,0,0,0,0,0,0,0,0,0,0,0,0,0,0,100,0,0,0,0,0,0,0,0,0,0,0,0
2019,7,7,1,0,1,20,20,2,100,0,0,0,0,0,0,0,0,0,0,0,0,0,0,0,0,0,0,0,0,100,0,0,0,0,0,0,0,0,0,0,0,0,0,0,0,0,0,0,0,0
2019,7,7,1,0,1,22,22,1,100,0,0,0,0,0,0,0,0,0,0,0,0,0,0,0,0,0,0,0,0,100,0,0,0,0,0,0,0,0,0,0,0,0,0,0,0,0,0,0,0,0
2019,7,7,1,0,1,26,26,7,0,100,0,0,0,0,0,0,0,0,0,0,0,0,0,0,0,0,0,0,0,0,100,0,0,0,0,0,0,0,0,0,0,0,0,0,0,0,0,0,0,0
2019,7,7,1,0,1,28,28,3,0,100,0,0,0,0,0,0,0,0,0,0,0,0,0,0,0,0,0,0,0,0,100,0,0,0,0,0,0,0,0,0,0,0,0,0,0,0,0,0,0,0
2019,7,7,1,0,1,30,30,5,0,80,20,0,0,0,0,0,0,0,0,0,0,0,0,0,0,0,0,0,0,0,80,20,0,0,0,0,0,0,0,0,0,0,0,0,0,0,0,0,0,0
2019,7,7,1,0,1,32,32,6,0,100,0,0,0,0,0,0,0,0,0,0,0,0,0,0,0,0,0,0,0,0,100,0,0,0,0,0,0,0,0,0,0,0,0,0,0,0,0,0,0,0
2019,7,7,1,0,1,34,34,7,0,57.1428571428571,42.8571428571429,0,0,0,0,0,0,0,0,0,0,0,0,0,0,0,0,0,0,0,57.1428571428571,42.8571428571429,0,0,0,0,0,0,0,0,0,0,0,0,0,0,0,0,0,0
2019,7,7,1,0,1,36,36,2,0,100,0,0,0,0,0,0,0,0,0,0,0,0,0,0,0,0,0,0,0,0,100,0,0,0,0,0,0,0,0,0,0,0,0,0,0,0,0,0,0,0
2019,7,7,1,0,1,38,38,4,0,0,100,0,0,0,0,0,0,0,0,0,0,0,0,0,0,0,0,0,0,0,0,100,0,0,0,0,0,0,0,0,0,0,0,0,0,0,0,0,0,0
2019,7,7,1,0,1,40,40,6,0,33.3333333333333,33.3333333333333,33.3333333333333,0,0,0,0,0,0,0,0,0,0,0,0,0,0,0,0,0,0,33.3333333333333,33.3333333333333,33.3333333333333,0,0,0,0,0,0,0,0,0,0,0,0,0,0,0,0,0
2019,7,7,1,0,1,42,42,4,0,0,75,25,0,0,0,0,0,0,0,0,0,0,0,0,0,0,0,0,0,0,0,75,25,0,0,0,0,0,0,0,0,0,0,0,0,0,0,0,0,0
2019,7,7,1,0,1,44,44,1,0,0,100,0,0,0,0,0,0,0,0,0,0,0,0,0,0,0,0,0,0,0,0,100,0,0,0,0,0,0,0,0,0,0,0,0,0,0,0,0,0,0
2019,7,7,1,0,1,46,46,1,0,0,0,100,0,0,0,0,0,0,0,0,0,0,0,0,0,0,0,0,0,0,0,0,100,0,0,0,0,0,0,0,0,0,0,0,0,0,0,0,0,0
2019,7,7,1,0,1,48,48,4,0,0,50,50,0,0,0,0,0,0,0,0,0,0,0,0,0,0,0,0,0,0,0,50,50,0,0,0,0,0,0,0,0,0,0,0,0,0,0,0,0,0
2019,7,7,1,0,1,50,50,3,0,0,0,66.6666666666667,33.3333333333333,0,0,0,0,0,0,0,0,0,0,0,0,0,0,0,0,0,0,0,66.6666666666667,33.3333333333333,0,0,0,0,0,0,0,0,0,0,0,0,0,0,0,0
2019,7,7,1,0,1,54,54,4,0,0,0,75,25,0,0,0,0,0,0,0,0,0,0,0,0,0,0,0,0,0,0,0,75,25,0,0,0,0,0,0,0,0,0,0,0,0,0,0,0,0
2019,7,7,1,0,1,56,56,3,0,0,0,0,100,0,0,0,0,0,0,0,0,0,0,0,0,0,0,0,0,0,0,0,0,100,0,0,0,0,0,0,0,0,0,0,0,0,0,0,0,0
2019,7,7,1,0,1,58,58,1,0,0,0,0,0,100,0,0,0,0,0,0,0,0,0,0,0,0,0,0,0,0,0,0,0,0,100,0,0,0,0,0,0,0,0,0,0,0,0,0,0,0
2019,7,7,1,0,1,60,60,1,0,0,0,0,0,100,0,0,0,0,0,0,0,0,0,0,0,0,0,0,0,0,0,0,0,0,100,0,0,0,0,0,0,0,0,0,0,0,0,0,0,0
2019,7,7,1,0,1,62,62,1,0,0,0,0,0,0,100,0,0,0,0,0,0,0,0,0,0,0,0,0,0,0,0,0,0,0,0,100,0,0,0,0,0,0,0,0,0,0,0,0,0,0
2019,7,7,1,0,1,64,64,4,0,0,0,0,25,50,0,25,0,0,0,0,0,0,0,0,0,0,0,0,0,0,0,0,0,25,50,0,25,0,0,0,0,0,0,0,0,0,0,0,0,0
2019,7,7,1,0,1,66,66,5,0,0,0,0,0,80,0,20,0,0,0,0,0,0,0,0,0,0,0,0,0,0,0,0,0,0,80,0,20,0,0,0,0,0,0,0,0,0,0,0,0,0
2019,7,7,1,0,1,68,68,9,0,0,0,0,33.3333333333333,22.2222222222222,44.4444444444444,0,0,0,0,0,0,0,0,0,0,0,0,0,0,0,0,0,0,33.3333333333333,22.2222222222222,44.4444444444444,0,0,0,0,0,0,0,0,0,0,0,0,0,0
2019,7,7,1,0,1,70,70,2,0,0,0,0,50,50,0,0,0,0,0,0,0,0,0,0,0,0,0,0,0,0,0,0,0,50,50,0,0,0,0,0,0,0,0,0,0,0,0,0,0,0
2019,7,7,1,0,1,72,72,6,0,0,0,0,0,16.6666666666667,16.6666666666667,33.3333333333333,0,33.3333333333333,0,0,0,0,0,0,0,0,0,0,0,0,0,0,0,0,16.6666666666667,16.6666666666667,33.3333333333333,0,33.3333333333333,0,0,0,0,0,0,0,0,0,0,0
2019,7,7,1,0,1,74,74,7,0,0,0,0,0,14.2857142857143,42.8571428571429,0,42.8571428571429,0,0,0,0,0,0,0,0,0,0,0,0,0,0,0,0,0,14.2857142857143,42.8571428571429,0,42.8571428571429,0,0,0,0,0,0,0,0,0,0,0,0
2019,7,7,1,0,1,76,76,3,0,0,0,0,0,33.3333333333333,0,0,33.3333333333333,33.3333333333333,0,0,0,0,0,0,0,0,0,0,0,0,0,0,0,0,33.3333333333333,0,0,33.3333333333333,33.3333333333333,0,0,0,0,0,0,0,0,0,0,0
2019,7,7,1,0,1,78,78,2,0,0,0,0,0,0,50,50,0,0,0,0,0,0,0,0,0,0,0,0,0,0,0,0,0,0,0,50,50,0,0,0,0,0,0,0,0,0,0,0,0,0
2019,7,7,1,0,1,80,80,1,0,0,0,0,0,0,0,0,0,100,0,0,0,0,0,0,0,0,0,0,0,0,0,0,0,0,0,0,0,0,100,0,0,0,0,0,0,0,0,0,0,0
2019,7,7,1,0,1,82,82,2,0,0,0,0,0,0,50,0,0,50,0,0,0,0,0,0,0,0,0,0,0,0,0,0,0,0,0,50,0,0,50,0,0,0,0,0,0,0,0,0,0,0
2019,7,7,1,0,1,84,84,1,0,0,0,0,0,0,0,0,100,0,0,0,0,0,0,0,0,0,0,0,0,0,0,0,0,0,0,0,0,100,0,0,0,0,0,0,0,0,0,0,0,0
2019,7,7,1,0,1,86,86,1,0,0,0,0,0,0,0,0,0,0,0,100,0,0,0,0,0,0,0,0,0,0,0,0,0,0,0,0,0,0,0,0,100,0,0,0,0,0,0,0,0,0
