"","year","stratum","ntows","area","mean_cpue","var_cpue","est","var"
"1",2003,"CA_north",144,21216.97322525,0.328753408937647,0.582644644508008,6975.15227513971,1821411.70621369
"2",2003,"CA_south",60,15767.600503145,0.0495223843806667,0.0194885870646478,780.84917287754,80753.3074566444
"3",2003,"OR",93,20144.23460885,1.26791402480317,60.1315290845384,25541.1575794864,262374026.779813
"4",2003,"WA",92,11360.4607261147,0.691633697372917,5.55776519600066,7857.27745586256,7796582.10458078
"5",2004,"CA_north",118,21216.97322525,0.79307253961885,15.8164847436719,16826.5988387742,60338542.5959437
"6",2004,"CA_south",65,15767.600503145,0.226866214246632,1.78807422936193,3577.1358339018,6839170.06336468
"7",2004,"OR",112,20144.23460885,0.357897295580072,0.668641830024172,7209.56708803791,2422574.05262845
"8",2004,"WA",71,11360.4607261147,0.254775778833882,0.257462886868711,2894.37022940761,468002.502302484
"9",2005,"CA_north",172,21216.97322525,0.841647604888565,36.2776511993581,17857.2146980165,94946196.2388627
"10",2005,"CA_south",90,15767.600503145,0.0447662090594467,0.0276470175520152,705.855700489626,76372.4977848542
"11",2005,"OR",157,20144.23460885,0.288311026321606,0.772946001569614,5807.80495454077,1997795.56224543
"12",2005,"WA",74,11360.4607261147,0.219859487077008,0.188651574417775,2497.70506820208,329018.71629203
"13",2006,"CA_north",137,21216.97322525,0.727593961841177,23.2498418869901,15437.3416072378,76395238.886187
"14",2006,"CA_south",90,15767.600503145,0.0372749472051833,0.0353978763025932,587.736476307152,97783.5755492291
"15",2006,"OR",171,20144.23460885,1.08153974854263,65.6499686381351,21786.7904334394,155790135.171421
"16",2006,"WA",62,11360.4607261147,0.460012690129244,1.15910872648149,5225.95609972766,2412816.95087591
"17",2007,"CA_north",150,21216.97322525,0.437507475555289,15.4969983908848,9282.58439470328,46507520.432116
"18",2007,"CA_south",95,15767.600503145,0.0453936692510453,0.0313221664532268,715.749242122379,81970.8434128567
"19",2007,"OR",170,20144.23460885,0.233118425741274,0.215559224355874,4695.99225977799,514540.106890677
"20",2007,"WA",90,11360.4607261147,0.359609409049728,0.550246144519393,4085.32856825077,789053.386429623
"21",2008,"CA_north",173,21216.97322525,0.0971283746436647,0.0665197811517917,2060.77012422669,173089.835527645
"22",2008,"CA_south",87,15767.600503145,0.023286938715523,0.0136266763122286,367.179146607587,38940.5340144875
"23",2008,"OR",156,20144.23460885,0.354623610804351,1.5430517779376,7143.62121388037,4013815.83991412
"24",2008,"WA",80,11360.4607261147,0.494114909027921,3.54378709573929,5613.37301819946,5717017.54041576
"25",2009,"CA_north",178,21216.97322525,0.300794928757195,8.0910192220526,6381.9579497324,20462094.5586215
"26",2009,"CA_south",90,15767.600503145,0.0550002606886111,0.121102757456197,867.222138106851,334535.906383471
"27",2009,"OR",158,20144.23460885,0.195075980611908,0.696336068919148,3929.65631999774,1788394.58418634
"28",2009,"WA",76,11360.4607261147,0.285958163434025,0.249055300107638,3248.61648500414,422935.446646532
"29",2010,"CA_north",179,21216.97322525,0.085503358821886,0.0396180153462669,1814.1224747929,99633.7649158021
"30",2010,"CA_south",95,15767.600503145,0.0400358529021168,0.0170972313891611,631.269334363257,44743.8550933928
"31",2010,"OR",143,20144.23460885,0.248911910565959,0.707309428765726,5014.13992337776,2007127.45493928
"32",2010,"WA",99,11360.4607261147,0.603164112101419,3.1458258466714,6852.22220693005,4101015.12528457
"33",2011,"CA_north",169,21216.97322525,0.0838980966051041,0.0392367525165095,1780.06366931993,104513.696227603
"34",2011,"CA_south",87,15767.600503145,0.0440416951782885,0.0686017813210897,694.431855052541,196041.201667865
"35",2011,"OR",157,20144.23460885,0.323384718413468,0.77714790598024,6514.3376366378,2008656.01817312
"36",2011,"WA",90,11360.4607261147,0.959199526627081,11.4308647532193,10896.9485507548,16391868.6812877
"37",2012,"CA_north",181,21216.97322525,0.115193669682949,0.0698182779519903,2444.06100538141,173643.0536481
"38",2012,"CA_south",93,15767.600503145,0.449285344592613,4.95835756240064,7084.15182545416,13255194.6325764
"39",2012,"OR",154,20144.23460885,0.226309765293169,0.358816316107672,4558.83700633937,945481.430924208
"40",2012,"WA",81,11360.4607261147,1.37431101958238,19.5502027314247,15612.8063634323,31150006.0760991
"41",2013,"CA_north",118,21216.97322525,0.253390184104651,0.458330146992376,5376.17275168955,1748490.48606513
"42",2013,"CA_south",49,15767.600503145,0.29888968052142,0.7705122338442,4712.7730769744,3909441.09979258
"43",2013,"OR",118,20144.23460885,0.268915274602016,0.65846083961296,5417.09238148633,2264380.91425114
"44",2013,"WA",59,11360.4607261147,0.57752392331088,1.71422936534598,6560.93784916495,3749806.07295211
"45",2014,"CA_north",164,21216.97322525,0.62101156934519,15.1443562752079,13175.9858393674,41569406.7478935
"46",2014,"CA_south",95,15767.600503145,0.190265769261271,0.426134876988406,3000.03463913528,1115204.95641754
"47",2014,"OR",157,20144.23460885,0.299843600163122,0.658083462634825,6040.11982764814,1700916.00004293
"48",2014,"WA",85,11360.4607261147,2.23678081786937,78.7208549960819,25410.8606343318,119526104.608185
"49",2015,"CA_north",172,21216.97322525,0.269632137806563,0.779496323437991,5720.77784850877,2040104.81510791
"50",2015,"CA_south",86,15767.600503145,0.0803165147365372,0.0667211792577561,1266.39871817068,192884.121832678
"51",2015,"OR",141,20144.23460885,0.287636686525904,0.662556592685052,5794.22089549005,1906801.16518201
"52",2015,"WA",98,11360.4607261147,0.76013349282958,3.20638831248457,8635.46669189486,4222619.31993666
"53",2016,"CA_north",163,21216.97322525,0.404456758653313,1.16303825694919,8581.34821911874,3211983.10981899
"54",2016,"CA_south",95,15767.600503145,0.122851214313634,0.166846054078153,1937.06886862362,436640.032333536
"55",2016,"OR",173,20144.23460885,0.452985834998443,1.26301803931314,9125.05293469445,2962545.24618758
"56",2016,"WA",76,11360.4607261147,0.364362593139243,0.559976200823836,4139.3269294237,950928.506658969
"57",2017,"CA_north",163,21216.97322525,0.45460334880851,1.49456860577129,9645.30707977914,4127576.27663562
"58",2017,"CA_south",88,15767.600503145,0.0623356524324045,0.0519207657248828,982.883664657054,146686.326442481
"59",2017,"OR",175,20144.23460885,0.361252854628885,0.846729965697384,7277.16225676105,1963398.35397477
"60",2017,"WA",84,11360.4607261147,0.568021712414714,3.29485338700363,6452.98835546781,5062309.54617678
"61",2018,"CA_north",165,21216.97322525,0.467121638756661,4.05600760218068,9910.90730243499,11065770.8540624
"62",2018,"CA_south",93,15767.600503145,0.188379025035226,0.454204007032509,2970.28520992739,1214225.16233321
"63",2018,"OR",166,20144.23460885,0.834340922035014,53.9717384984916,16807.1592772375,131934951.26937
"64",2018,"WA",80,11360.4607261147,0.366435477309524,0.652238892896767,4162.87584862996,1052224.9476317
"65",2019,"CA_north",81,21216.97322525,0.199758231240867,0.139181178298412,4238.26504376077,773503.613076106
"66",2019,"CA_south",51,15767.600503145,0.0788326600022608,0.109198960864865,1243.00188951591,532328.288069607
"67",2019,"OR",77,20144.23460885,0.211262381271853,0.236194493559018,4255.71897236453,1244745.55766626
"68",2019,"WA",50,11360.4607261147,0.552273438687482,3.09477551724536,6274.08071028548,7988238.76841281
"69",2021,"CA_north",169,21216.97322525,0.283095732621339,1.68757176594792,6006.43457920949,4495131.51819454
"70",2021,"CA_south",96,15767.600503145,0.0491077538648479,0.0678272682529902,774.311444547697,175656.533905226
"71",2021,"OR",159,20144.23460885,0.231513614161938,0.439020522903839,4663.66455882085,1120441.63845687
"72",2021,"WA",82,11360.4607261147,0.943920218915561,19.7583663039673,10723.3685755759,31097757.2801547
"73",2022,"CA_north",155,21216.97322525,0.0975898378920994,0.0559970217329941,2070.56097761316,162629.78491974
"74",2022,"CA_south",100,15767.600503145,0.021405293367305,0.0102567014798979,337.510114468285,25499.9266601429
"75",2022,"OR",171,20144.23460885,0.205579194788749,0.264931288533963,4141.23553052302,628693.084064468
"76",2022,"WA",55,11360.4607261147,1.61024840586893,41.5567285643589,18293.1637741629,97514803.8293963
"77",2023,"CA_north",166,21216.97322525,0.276878986111609,2.67333758274765,5874.53403496438,7249575.42275717
"78",2023,"CA_south",92,15767.600503145,0.00701513595053152,0.00120968409288505,110.611861143231,3269.00329410792
"79",2023,"OR",140,20144.23460885,0.178104820217409,0.131773464610079,3587.78528342654,381945.564103028
"80",2023,"WA",93,11360.4607261147,0.987669082242072,5.78626745369615,11220.3758192089,8029850.22061407
"81",2024,"CA_north",158,21216.97322525,0.17653108378943,0.299848842117983,3745.4552781847,854303.421691471
"82",2024,"CA_south",80,15767.600503145,0.120028287435594,0.81962374465476,1892.5580853611,2547157.26817372
"83",2024,"OR",162,20144.23460885,0.2651580543737,0.48317073022727,5341.40605573002,1210283.58915811
"84",2024,"WA",84,11360.4607261147,3.42856974574333,173.849695843905,38950.1319432623,267107780.377107
"85",2025,"CA_north",156,21216.97322525,0.17871436526121,0.253881710954726,3791.77790271465,732611.404042087
"86",2025,"CA_south",83,15767.600503145,0.0167822248495084,0.0128457018312728,264.615416981002,38477.8644640947
"87",2025,"OR",165,20144.23460885,0.303537981447681,0.768393660552703,6114.54031097885,1889737.01791241
"88",2025,"WA",94,11360.4607261147,3.94177945654119,279.608706518442,44780.4307070421,383897006.92962
