"label","type","caption","alt_text"
"kobe","figure","Kobe plot showing stock status. Triangles delineate start and end years. Horizontal and vertical dashed lines delineate the proportion of F/F~MSY~ where F~MSY~ = msy, and B/B~MSY~ where B~MSY~ = msy. Overfishing is occurring when F/F~MSY~ > 1 and an overfished status is indicated where B/B~MSY~ > 1.","A Kobe plot showing stock status. The x axis shows overfished status (i.e., B/B~MSY~) and the y axis shows overfishing (i.e., F/F~MSY~). The B/B~MSY~ and F/F~MSY~ for kobe.end.year were B.BMSY.end.yr and F.FMSY.end.yr, respectively, indicating that the stock overfished.status.is.isnot overfished and overfishing.status.is.is.not experiencing overfishing."
"biomass","figure","Biomass (B) time series. The horizontal dashed line represents the limit reference point (msy mt).","Line graph showing biomass time series. The x axis shows the year, which spans from 1887 to 2032. The y axis shows biomass in mt, which spans from 0.03 to 7184.72."
"relative_biomass","figure","Relative biomass (B) time series. The horizontal dashed line represents the limit reference point calculated as B/B(reference point) (B.ref.point mt).","Line graph showing relative biomass time series. The x axis shows the year, which spans from 1887 to 2032. The y axis shows relative biomass (B/B~target~), which spans from rel.B.min to rel.B.max mt."
"fishing_mortality","figure","Fishing mortality (F) over time. The horizontal dashed line represents the target reference point (msy).","Line graph showing fishing mortality over time. The x axis shows the year, which spans from 1889 to 2032. The y axis shows fishing mortality, which spans from 0.002 to 0.217."
"landings","figure","Historical landings by fleet.","Cumulative area plot showing historical landings. The x axis shows the year, which spans from 1889 to 2020. The y axis shows landings in mt, which spans from 0 to 3100.19."
"natural_mortality","figure","Natural mortality (M) for each age. ","Line graph showing natural mortality. The x axis shows age in years, which spans from M.age.min to M.age.max. The y axis shows the natural mortality rate per year, which spans from M.rate.min to M.rate.max."
"vonb.laa","figure","Aged and measured fish (points) and von Bertalanffy growth function (line) fit to the data.","Point and line graph showing observations of measured age and length data as points and the von Bertalanffy relationship fit to this data as a line with 95\\% confidence intervals. The x axis shows age in years, which spans from vonb.age.min to vonb.age.max. The y axis shows length in vonb.length.units, which spans from vonb.length.min to vonb.length.max."
"length.type.conversion","figure","Length-type conversion relationship between total and fork length where points represent individual fish length measurement observations and the line is the fitted relationship.","Point and line graph showing observations of measured fork length and measured total length from the same fish for conversion purposes as points, and a linear fit through those points as a line. The x axis shows total length in total.length.units, which spans from total.length.min to total.length.max. The y axis shows fork length in fork.length.units, which spans from fork.length.min to fork.length.max."
"weight.length.converstion","figure","Weight-length conversion relationship where the points represent individual fish observations and the line is the fitted relationship. ","Point and line graph showing observations of measured length and measured weight from the same fish for conversion purposes as points, and an exponential fit through those points as a line. The x axis shows length in wl.length.units, which spans from wl.length.min to wl.length.max. The y axis shows weight in wl.weight.units, which spans from wl.weight.min to wl.weight.max."
"maturity.schedule","figure","The relationship between the proportion mature and fish length. ","Graph showing the relationship between fish maturity and length. Points, if present, show observations of maturity at different fish lengths and the line represents either the fit to the points, or the assumed or known maturity schedule. The x axis shows length in prop.mat.length.units, which spans from prop.mat.length.min to prop.mat.length.max. The y axis shows the proportion mature, which spans from 0--1."
"fecundity.at.length","figure","Fecundity (in number of eggs) as a function of fish length. ","Point and line graph showing observations of measured fecundity and measured length from the same fish and an exponential fit through those points displayed as a line. The x axis shows length in fecundity.length.units, which spans from fecundity.length.min to fecundity.length.max. The y axis shows fecundity in fecundity.units, which spans from fecundity.min to fecundity.max."
"catch","figure","Historical catch for each year in which there is composition data, for each fleet or survey.","Cumulative area plot showing the catch for each year and fleet or survey. The x axis shows the year, which spans from catch.year.min to catch.year.max. The y axis shows the proportion of the total catch by each fleet or survey and spans from tot.catch.min to tot.catch.max."
"CAL","figure","Histograms showing the proportion of the catch in each length group, each year for which there is composition data, for fleet or survey fleet.or.survey.name.","Histograms for each year and fleet for which there is data (one per year grouped by fleet or survey), which show the proportion of the catch in each length group. The x axis of each histogram contains length intervals, which span from cal.length.min to cal.length.max. The y axis of each histogram contains the proportion of the catch and spans from 0--1."
"index","figure","Catch per unit effort (CPUE) over time for fleet or survey. 95\\% confidence intervals are shown for each survey/fleet.","Line graph showing catch per unit effort (CPUE) over time, stratified by survey/fleet. The x axis shows the year, which spans from 1980 to 2020. The y axis shows CPUE in an estimated index ratio, which spans from 0.315 to 19959."
"abundance_at_age","figure","Model estimate of population numbers at age over time. The relative size of each bubble for a given year and age indicates the relative abundance in that category compared with others. ","Bubble plot showing relative age proportions over time. The x axis shows the year, which spans from 1887 to 2032. The y axis shows age in years, which spans from 0 to 25. The size of the bubbles range from 0.002 to 23721.3."
"mod.fit.catch","figure","Observed catch from the data input file (points) and model estimated catch (line) over time for fleet.or.survey.name. ","Point and line graph showing observed catch from the data input file as points and model estimated catch as a line over time for fleet.or.survey.name. The x axis shows years, which spans from mod.fit.catch.start.year to mod.fit.catch.end.year. The y axis shows catch in mod.fit.catch.units, which spans from mod.fit.catch.min to mod.fit.catch.max."
"mod.fit.abun","figure","Assessment model fits to input catch per unit of effort index values over time calculated from fleet.or.survey.name.","Point and line graph showing the assessment model fit, displayed as a line, to input catch per unit effort index values, displayed as points over time, for fleet.or.survey.name. The x axis shows years, which spans from mod.fit.abun.start.year to mod.fit.abun.end.year. The y axis shows catch per unit effort in an estimated index ratio, which spans from 0.315 to 19959."
"mod.fit.discards","figure","Observed discards (points) and estimated discards (line).","Point and line graph showing the assessment model fit to observed discards. Observed discards are represented as points while the model fitted estimates are represented as a line over time for fleet.or.survey.name. The x axis shows the year, which spans from mod.fit.discards.start.year to mod.fit.discards.end.year. The y axis shows discards in mod.fit.discards.units, which spans from mod.fit.discards.min to mod.fit.discards.max."
"selectivity","figure","Age-based selectivity for each fleet estimated by the assessment model.","Line graph showing age-based selectivity from 1886 to 2032. The x axis shows age in years, which spans from 0 to 25. The y axis shows the proportion of the stock that the gear selects for, which spans from 0--1."
"stock_recruitment","figure","Stock recruitment relationship estimated by the assessment model. ","Point and line graph showing the relationship between stock biomass and newly recruited age 0 fish as estimated by the assessment model. Points represent model estimates of recruitment each year as a function of stock biomass, after adjusted by annual recruitment deviations. The line represents the best fit through the points for the stock relationship selected for use in the assessment model. The x axis shows spawning biomass in mt, which spans from 5355.41 to 20434.5. The y axis shows recruitment in mt, which spans from 6300.92 to 47442.7."
"recruitment","figure","Estimated recruitment by the assessment model each year in mt.","Line graph showing the assessment model estimated recruitment in mt for each year. The x axis shows years, which spans from 1887 to 2032. The y axis shows recruitment in mt, which spans from 6300.92 to 47442.7."
"recruitment.comp","figure","Predicted (black points) and expected (red line) recruitment by the assessment model each year in mt.","Scatter plot showing the assessment model estimated recruitment in mt for each year with a red line showing the predicted recruitment in mt for each year. The x axis shows years, which spans from 1887 to 2032. The y axis shows recruitment in mt, which spans from 6300.92 to 47442.7."
"relative.recruitment","figure","Estimated relative recruitment by the assessment model each year in mt, calculated as R/R~0~ where R~0~ is R0.","Line graph showing the assessment model estimated relative recruitment in mt for each year. The x axis shows year, which spans from 1887 to 2032. The y axis shows relative recruitment (R/R~0~), which spans from rel.recruitment.min to rel.recruitment.max mt."
"recruitment_deviations","figure","Annual deviations (on natural log scale) in the number of newly recruited fish the model estimates each year. ","Scatterplot showing annual deviations in recruitment. Points have error bars and the dashed horizontal line at 0 represents no deviation from what would be estimated by the stock-recruit relationship. Positive values represent an increase in recruitment that year while negative values represent a decrease. The x axis shows year, which spans from 1889 to 2020. The y axis shows the recruitment deviation, which spans from -0.779 to 1.153 on a natural log scale."
"tot.b","figure","Estimated biomass (B) time series. The horizontal dashed line represents the biomass limit reference point at msy mt.","Line graph showing estimated biomass time series. The x axis shows the year, which spans from 1887 to 2032. The y axis shows estimated biomass in mt, which spans from 0.03 to 7184.72."
"spawning_biomass","figure","Estimated spawning biomass (SB) time series. The horizontal dashed line represents the spawning biomass associated with the biomass limit reference point (msy mt).","Line graph showing estimated spawning biomass. The x axis shows the year, which spans from 1889 to 2032. The y axis shows estimated spawning biomass in mt, which spans from 5355.41 to 20434.5."
"relative.spawning.biomass","figure","Estimated relative spawning biomass time series. The horizontal dashed line represents the limit reference point calculated as SB/SB(reference point) (msy mt).","Line graph showing estimated relative spawning biomass. The x axis shows the year, which spans from 1889 to 2032. The y axis shows estimated relative spawning biomass (SB/SB~target~), which spans from rel.ssb.min to rel.ssb.max mt."
"spr","figure","Estimated spawning potential ratio (SPR) (SB~current~/SB~target~) time series. The horizontal dashed line represents the spawning potential ratio of the limit reference point at spr.ref.pt.","Line graph showing estimated spawning potential ratio over time. The x axis shows the year, which spans from 1889 to 2032. The y axis shows estimated spawning potential ratio in SB~current~/SB~target~, which spans from spr.min to spr.max."
"biomass_at_age","figure","Estimated population numbers at age and population biomass at age over time. The relative size of each bubble for a given year and age indicates the relative abundance or biomass in that category compared with others. ","Bubble plot showing estimated population numbers at age and population biomass at age. The x axis shows the year, which spans from pop.baa.start.year to pop.baa.end.year. The y axis shows age, which spans from pop.baa.age.min to pop.baa.age.max. The size of the bubbles range from pop.baa.fish.min to pop.baa.fish.max."
"proj.catch","figure","Forecasted catch in proj.catch.units over future years for different fishing mortality scenarios as indicated in the legend.","Time series line graph showing forecasted catch over future years for different fishing mortality scenarios. The x axis shows the year, which spans from proj.catch.start.year to proj.catch.end.year. The y axis shows catch in proj.catch.units, which spans from proj.catch.min to proj.catch.max."
"proj.biomass","table","Forecasted biomass over future years for different fishing mortality scenarios.",""
"report.version.model.changes","table","Document version history briefly describing when major changes or updates are made to each version of the report.",""
"projections","table","Forecasted catch, spawning biomass, and fishing mortality over future years. ",""
"total_catch","table","Total catch by fleet over time.",""
"life.history.params","table","Life history parameters used in the stock assessment model. The last column of the table indicates whether the parameters were estimated by the model or fixed.",""
"landings","table","Landed catch by fleet and year in mt.",""
"discards","table","Discarded catch by fleet and year in discards.tbl.units.",""
"age.length.key","table","Age-length key: the proportion of fish for each age that belong to a particular length group. ",""
"index","table","Calculated index of abundance and corresponding CVs for the fleets and surveys identified in the column headers. ",""
"model.runs","table","The base configuration and alternative sensitivity analysis configurations of the stock assessment model, in which parameters and/or data input streams are changed from one configuration to another.",""
"derived.quantities","table","Derived quantities calculated by the base configuration of the stock assessment model.",""
"est.params","table","Parameters used in the base stock assessment model and whether the parameter was estimated by the model or fixed (i.e. not allowed to be estimated or changed by the model). CVs for estimated models are provided.",""
"F.per.fleet.per.year","table","Partial fishing mortality estimates for each fleet in the assessment model.",""
"bnc","table","Historical biomass, spawning biomass, abundance, and catch time   series estimated by the base configuration of the stock assessment model.",""
"naa","table","Historical population abundance (numbers) estimated by the base model for each age group.",""
"catchability","table","Catchability over time for fleet catchability.fleet.",""
"sensitivity.runs","table","Forecasted catch, biomass, spawning biomass, recruitment, fishing mortality, and stock status as projected from the base model configuration.",""
"catch_comp","figure","Fishery age composition (caa.start.year-caa.end.year). The area of the circle is proportional to the catch. Diagonal lines indicated the top 5\\% strongest year classes.","Bubble plot showing estimated total catch at age. The x axis shows the year, which spans from caa.start.year to caa.end.year. The y axis shows age, which spans from caa.age.min to caa.age.max. The size of the bubbles range from tot.catch.min to tot.catch.max."
